date,op_count,ip_count,total_footfall,aqi,temperature,humidity,rainfall,is_holiday,is_weekend,is_monday,is_tuesday,is_school_reopening,day_of_week,month,week_of_year,doctors_available,scheduled_followups,active_ip_patients,dow_sin,dow_cos,month_sin,month_cos,week_sin,week_cos,op_lag_7,op_lag_14,op_roll7,op_roll14
2024-01-01,71,14,85,74.5,24.1,69.8,0.0,1,0,1,0,0,0,1,1,20,33,69,0.0,1.0,0.49999999999999994,0.8660254037844387,0.12053668025532305,0.992708874098054,,,,
2024-01-02,195,34,229,89.4,24.3,70.7,0.0,0,0,0,1,1,1,1,1,23,29,166,0.7818314824680298,0.6234898018587336,0.49999999999999994,0.8660254037844387,0.12053668025532305,0.992708874098054,,,,
2024-01-03,163,26,189,111.6,24.4,72.7,0.3,0,0,0,0,1,2,1,1,25,34,123,0.9749279121818236,-0.22252093395631434,0.49999999999999994,0.8660254037844387,0.12053668025532305,0.992708874098054,,,,
2024-01-04,152,30,182,92.9,24.2,78.5,3.1,0,0,0,0,1,3,1,1,23,39,140,0.43388373911755823,-0.900968867902419,0.49999999999999994,0.8660254037844387,0.12053668025532305,0.992708874098054,,,,
2024-01-05,148,23,171,66.0,24.4,80.7,5.8,0,0,0,0,1,4,1,1,25,39,114,-0.433883739117558,-0.9009688679024191,0.49999999999999994,0.8660254037844387,0.12053668025532305,0.992708874098054,,,,
2024-01-06,171,27,198,57.2,24.7,80.5,15.3,0,1,0,0,1,5,1,1,25,38,104,-0.9749279121818236,-0.2225209339563146,0.49999999999999994,0.8660254037844387,0.12053668025532305,0.992708874098054,,,,
2024-01-07,186,36,222,71.3,23.9,83.6,4.0,0,1,0,0,1,6,1,1,25,44,142,-0.7818314824680299,0.6234898018587334,0.49999999999999994,0.8660254037844387,0.12053668025532305,0.992708874098054,,,,
2024-01-08,202,30,232,55.5,23.7,86.7,6.7,0,0,1,0,1,0,1,2,24,47,135,0.0,1.0,0.49999999999999994,0.8660254037844387,0.23931566428755774,0.970941817426052,71.0,,155.14285714285714,
2024-01-09,171,27,198,36.1,23.3,88.9,14.9,0,0,0,1,1,1,1,2,24,45,114,0.7818314824680298,0.6234898018587336,0.49999999999999994,0.8660254037844387,0.23931566428755774,0.970941817426052,195.0,,173.85714285714286,
2024-01-10,158,28,186,52.8,23.3,79.1,2.2,0,0,0,0,1,2,1,2,25,49,111,0.9749279121818236,-0.22252093395631434,0.49999999999999994,0.8660254037844387,0.23931566428755774,0.970941817426052,163.0,,170.42857142857142,
2024-01-11,148,25,173,69.2,23.9,69.7,0.0,0,0,0,0,1,3,1,2,23,53,90,0.43388373911755823,-0.900968867902419,0.49999999999999994,0.8660254037844387,0.23931566428755774,0.970941817426052,152.0,,169.71428571428572,
2024-01-12,152,27,179,74.5,23.5,70.3,0.0,0,0,0,0,1,4,1,2,23,52,121,-0.433883739117558,-0.9009688679024191,0.49999999999999994,0.8660254037844387,0.23931566428755774,0.970941817426052,148.0,,169.14285714285714,
2024-01-13,173,26,199,78.2,23.9,70.4,0.0,0,1,0,0,1,5,1,2,25,43,109,-0.9749279121818236,-0.2225209339563146,0.49999999999999994,0.8660254037844387,0.23931566428755774,0.970941817426052,171.0,,169.71428571428572,
2024-01-14,83,15,98,96.2,24.3,72.4,0.0,1,1,0,0,1,6,1,2,22,48,61,-0.7818314824680299,0.6234898018587334,0.49999999999999994,0.8660254037844387,0.23931566428755774,0.970941817426052,186.0,,170.0,
2024-01-15,75,12,87,109.2,24.0,67.3,0.0,1,0,1,0,1,0,1,3,21,40,58,0.0,1.0,0.49999999999999994,0.8660254037844387,0.3546048870425356,0.9350162426854148,202.0,71.0,155.28571428571428,155.21428571428572
2024-01-16,196,37,233,128.3,23.9,69.5,0.0,0,0,0,1,0,1,1,3,25,41,154,0.7818314824680298,0.6234898018587336,0.49999999999999994,0.8660254037844387,0.3546048870425356,0.9350162426854148,171.0,195.0,137.14285714285714,155.5
2024-01-17,135,23,158,124.2,24.0,65.8,0.0,0,0,0,0,0,2,1,3,25,37,100,0.9749279121818236,-0.22252093395631434,0.49999999999999994,0.8660254037844387,0.3546048870425356,0.9350162426854148,158.0,163.0,140.71428571428572,155.57142857142858
2024-01-18,112,21,133,95.1,24.4,63.4,0.0,0,0,0,0,0,3,1,3,23,41,87,0.43388373911755823,-0.900968867902419,0.49999999999999994,0.8660254037844387,0.3546048870425356,0.9350162426854148,148.0,152.0,137.42857142857142,153.57142857142858
2024-01-19,144,26,170,72.0,25.5,68.5,0.6,0,0,0,0,0,4,1,3,25,34,93,-0.433883739117558,-0.9009688679024191,0.49999999999999994,0.8660254037844387,0.3546048870425356,0.9350162426854148,152.0,148.0,132.28571428571428,150.71428571428572
2024-01-20,158,25,183,64.6,25.4,68.8,0.2,0,1,0,0,0,5,1,3,24,34,110,-0.9749279121818236,-0.2225209339563146,0.49999999999999994,0.8660254037844387,0.3546048870425356,0.9350162426854148,173.0,171.0,131.14285714285714,150.42857142857142
2024-01-21,139,25,164,75.3,26.0,64.6,0.0,0,1,0,0,0,6,1,3,24,35,88,-0.7818314824680299,0.6234898018587334,0.49999999999999994,0.8660254037844387,0.3546048870425356,0.9350162426854148,83.0,186.0,129.0,149.5
2024-01-22,161,30,191,74.9,25.7,65.9,0.0,0,0,1,0,0,0,1,4,24,35,127,0.0,1.0,0.49999999999999994,0.8660254037844387,0.4647231720437685,0.8854560256532099,75.0,202.0,137.0,146.14285714285714
2024-01-23,162,29,191,78.0,25.2,61.8,0.0,0,0,0,1,0,1,1,4,25,42,116,0.7818314824680298,0.6234898018587336,0.49999999999999994,0.8660254037844387,0.4647231720437685,0.8854560256532099,196.0,171.0,149.28571428571428,143.21428571428572
2024-01-24,124,19,143,76.9,25.4,65.9,0.0,0,0,0,0,0,2,1,4,23,44,92,0.9749279121818236,-0.22252093395631434,0.49999999999999994,0.8660254037844387,0.4647231720437685,0.8854560256532099,135.0,158.0,144.42857142857142,142.57142857142858
2024-01-25,114,18,132,81.3,25.8,58.5,0.0,0,0,0,0,0,3,1,4,23,42,81,0.43388373911755823,-0.900968867902419,0.49999999999999994,0.8660254037844387,0.4647231720437685,0.8854560256532099,112.0,148.0,142.85714285714286,140.14285714285714
2024-01-26,76,12,88,76.0,25.6,54.7,0.0,1,0,0,0,0,4,1,4,20,45,46,-0.433883739117558,-0.9009688679024191,0.49999999999999994,0.8660254037844387,0.4647231720437685,0.8854560256532099,144.0,152.0,143.14285714285714,137.71428571428572
2024-01-27,139,23,162,65.0,25.5,56.6,0.0,0,1,0,0,0,5,1,4,24,41,91,-0.9749279121818236,-0.2225209339563146,0.49999999999999994,0.8660254037844387,0.4647231720437685,0.8854560256532099,158.0,173.0,133.42857142857142,132.28571428571428
2024-01-28,159,28,187,69.0,25.5,60.2,0.0,0,1,0,0,0,6,1,4,25,35,137,-0.7818314824680299,0.6234898018587334,0.49999999999999994,0.8660254037844387,0.4647231720437685,0.8854560256532099,139.0,83.0,130.71428571428572,129.85714285714286
2024-01-29,156,27,183,72.7,25.6,60.4,0.7,0,0,1,0,0,0,1,5,23,43,125,0.0,1.0,0.49999999999999994,0.8660254037844387,0.5680647467311558,0.8229838658936564,161.0,75.0,133.57142857142858,135.28571428571428
2024-01-30,162,29,191,84.5,25.6,60.0,0.0,0,0,0,1,0,1,1,5,25,36,135,0.7818314824680298,0.6234898018587336,0.49999999999999994,0.8660254037844387,0.5680647467311558,0.8229838658936564,162.0,196.0,132.85714285714286,141.07142857142858
2024-01-31,141,22,163,82.6,26.3,60.8,0.1,0,0,0,0,0,2,1,5,24,40,108,0.9749279121818236,-0.22252093395631434,0.49999999999999994,0.8660254037844387,0.5680647467311558,0.8229838658936564,124.0,135.0,132.85714285714286,138.64285714285714
2024-02-01,136,26,162,73.4,26.8,56.5,0.0,0,0,0,0,0,3,2,5,23,35,98,0.43388373911755823,-0.900968867902419,0.8660254037844386,0.5000000000000001,0.5680647467311558,0.8229838658936564,114.0,112.0,135.28571428571428,139.07142857142858
2024-02-02,122,20,142,79.5,26.6,63.5,0.2,0,0,0,0,0,4,2,5,23,42,85,-0.433883739117558,-0.9009688679024191,0.8660254037844386,0.5000000000000001,0.5680647467311558,0.8229838658936564,76.0,144.0,138.42857142857142,140.78571428571428
2024-02-03,150,24,174,80.6,27.7,58.2,0.1,0,1,0,0,0,5,2,5,25,38,108,-0.9749279121818236,-0.2225209339563146,0.8660254037844386,0.5000000000000001,0.5680647467311558,0.8229838658936564,139.0,158.0,145.0,139.21428571428572
2024-02-04,146,27,173,78.1,26.9,56.9,0.1,0,1,0,0,0,6,2,5,24,43,127,-0.7818314824680299,0.6234898018587334,0.8660254037844386,0.5000000000000001,0.5680647467311558,0.8229838658936564,159.0,139.0,146.57142857142858,138.64285714285714
2024-02-05,154,24,178,70.9,26.4,53.6,0.0,0,0,1,0,0,0,2,6,23,37,117,0.0,1.0,0.8660254037844386,0.5000000000000001,0.6631226582407952,0.7485107481711011,156.0,161.0,144.71428571428572,139.14285714285714
2024-02-06,154,27,181,67.5,26.7,54.0,0.0,0,0,0,1,0,1,2,6,23,43,106,0.7818314824680298,0.6234898018587336,0.8660254037844386,0.5000000000000001,0.6631226582407952,0.7485107481711011,162.0,162.0,144.42857142857142,138.64285714285714
2024-02-07,135,24,159,66.4,27.2,53.2,0.0,0,0,0,0,0,2,2,6,25,42,88,0.9749279121818236,-0.22252093395631434,0.8660254037844386,0.5000000000000001,0.6631226582407952,0.7485107481711011,141.0,124.0,143.28571428571428,138.07142857142858
2024-02-08,123,24,147,62.5,27.5,49.5,0.0,0,0,0,0,0,3,2,6,23,42,113,0.43388373911755823,-0.900968867902419,0.8660254037844386,0.5000000000000001,0.6631226582407952,0.7485107481711011,136.0,114.0,142.42857142857142,138.85714285714286
2024-02-09,124,19,143,63.6,27.3,51.8,0.0,0,0,0,0,0,4,2,6,25,36,90,-0.433883739117558,-0.9009688679024191,0.8660254037844386,0.5000000000000001,0.6631226582407952,0.7485107481711011,122.0,76.0,140.57142857142858,139.5
2024-02-10,134,24,158,70.5,27.1,57.4,0.0,0,1,0,0,0,5,2,6,25,41,106,-0.9749279121818236,-0.2225209339563146,0.8660254037844386,0.5000000000000001,0.6631226582407952,0.7485107481711011,150.0,139.0,140.85714285714286,142.92857142857142
2024-02-11,142,26,168,78.5,26.8,56.3,0.0,0,1,0,0,0,6,2,6,25,43,109,-0.7818314824680299,0.6234898018587334,0.8660254037844386,0.5000000000000001,0.6631226582407952,0.7485107481711011,146.0,159.0,138.57142857142858,142.57142857142858
2024-02-12,149,28,177,73.4,26.4,55.8,0.0,0,0,1,0,0,0,2,7,25,42,101,0.0,1.0,0.8660254037844386,0.5000000000000001,0.7485107481711011,0.6631226582407953,154.0,156.0,138.0,141.35714285714286
2024-02-13,163,31,194,61.5,27.1,56.3,0.0,0,0,0,1,0,1,2,7,23,37,115,0.7818314824680298,0.6234898018587336,0.8660254037844386,0.5000000000000001,0.7485107481711011,0.6631226582407953,154.0,162.0,137.28571428571428,140.85714285714286
2024-02-14,141,23,164,58.3,27.6,58.8,0.0,0,0,0,0,0,2,2,7,24,36,81,0.9749279121818236,-0.22252093395631434,0.8660254037844386,0.5000000000000001,0.7485107481711011,0.6631226582407953,135.0,141.0,138.57142857142858,140.92857142857142
2024-02-15,122,19,141,61.0,27.3,53.0,0.0,0,0,0,0,0,3,2,7,23,41,86,0.43388373911755823,-0.900968867902419,0.8660254037844386,0.5000000000000001,0.7485107481711011,0.6631226582407953,123.0,136.0,139.42857142857142,140.92857142857142
2024-02-16,129,23,152,62.8,27.2,56.7,0.0,0,0,0,0,0,4,2,7,25,43,82,-0.433883739117558,-0.9009688679024191,0.8660254037844386,0.5000000000000001,0.7485107481711011,0.6631226582407953,124.0,122.0,139.28571428571428,139.92857142857142
2024-02-17,172,28,200,61.5,27.9,48.7,0.0,0,1,0,0,0,5,2,7,25,41,115,-0.9749279121818236,-0.2225209339563146,0.8660254037844386,0.5000000000000001,0.7485107481711011,0.6631226582407953,134.0,150.0,140.0,140.42857142857142
2024-02-18,136,26,162,61.3,28.1,51.1,0.0,0,1,0,0,0,6,2,7,24,37,95,-0.7818314824680299,0.6234898018587334,0.8660254037844386,0.5000000000000001,0.7485107481711011,0.6631226582407953,142.0,146.0,145.42857142857142,142.0
2024-02-19,174,35,209,58.4,28.2,54.5,0.0,0,0,1,0,0,0,2,8,25,44,163,0.0,1.0,0.8660254037844386,0.5000000000000001,0.8229838658936564,0.5680647467311558,149.0,154.0,144.57142857142858,141.28571428571428
2024-02-20,157,25,182,62.2,28.6,50.2,0.0,0,0,0,1,0,1,2,8,23,43,120,0.7818314824680298,0.6234898018587336,0.8660254037844386,0.5000000000000001,0.8229838658936564,0.5680647467311558,163.0,154.0,148.14285714285714,142.71428571428572
2024-02-21,126,23,149,74.5,28.6,57.7,0.0,0,0,0,0,0,2,2,8,24,40,85,0.9749279121818236,-0.22252093395631434,0.8660254037844386,0.5000000000000001,0.8229838658936564,0.5680647467311558,141.0,135.0,147.28571428571428,142.92857142857142
2024-02-22,131,21,152,80.3,28.6,59.7,0.1,0,0,0,0,0,3,2,8,24,40,84,0.43388373911755823,-0.900968867902419,0.8660254037844386,0.5000000000000001,0.8229838658936564,0.5680647467311558,122.0,123.0,145.14285714285714,142.28571428571428
2024-02-23,118,19,137,67.2,28.6,56.2,0.0,0,0,0,0,0,4,2,8,24,46,93,-0.433883739117558,-0.9009688679024191,0.8660254037844386,0.5000000000000001,0.8229838658936564,0.5680647467311558,129.0,124.0,146.42857142857142,142.85714285714286
2024-02-24,161,28,189,65.4,28.6,54.4,0.0,0,1,0,0,0,5,2,8,24,45,132,-0.9749279121818236,-0.2225209339563146,0.8660254037844386,0.5000000000000001,0.8229838658936564,0.5680647467311558,172.0,134.0,144.85714285714286,142.42857142857142
2024-02-25,151,25,176,76.0,28.9,53.1,0.2,0,1,0,0,0,6,2,8,24,43,95,-0.7818314824680299,0.6234898018587334,0.8660254037844386,0.5000000000000001,0.8229838658936564,0.5680647467311558,136.0,142.0,143.28571428571428,144.35714285714286
2024-02-26,166,30,196,66.7,28.0,57.1,0.0,0,0,1,0,0,0,2,9,24,37,109,0.0,1.0,0.8660254037844386,0.5000000000000001,0.8854560256532098,0.4647231720437686,174.0,149.0,145.42857142857142,145.0
2024-02-27,163,32,195,57.5,27.9,55.4,0.0,0,0,0,1,0,1,2,9,25,44,140,0.7818314824680298,0.6234898018587336,0.8660254037844386,0.5000000000000001,0.8854560256532098,0.4647231720437686,157.0,163.0,144.28571428571428,146.21428571428572
2024-02-28,129,25,154,56.7,28.0,47.8,0.0,0,0,0,0,0,2,2,9,25,39,91,0.9749279121818236,-0.22252093395631434,0.8660254037844386,0.5000000000000001,0.8854560256532098,0.4647231720437686,126.0,141.0,145.14285714285714,146.21428571428572
2024-02-29,126,22,148,54.2,28.1,49.7,0.0,0,0,0,0,0,3,2,9,24,42,92,0.43388373911755823,-0.900968867902419,0.8660254037844386,0.5000000000000001,0.8854560256532098,0.4647231720437686,131.0,122.0,145.57142857142858,145.35714285714286
2024-03-01,108,21,129,60.5,28.7,44.5,0.0,0,0,0,0,0,4,3,9,23,41,103,-0.433883739117558,-0.9009688679024191,1.0,6.123233995736766e-17,0.8854560256532098,0.4647231720437686,118.0,129.0,144.85714285714286,145.64285714285714
2024-03-02,110,17,127,62.0,28.0,43.8,0.0,0,1,0,0,0,5,3,9,24,42,70,-0.9749279121818236,-0.2225209339563146,1.0,6.123233995736766e-17,0.8854560256532098,0.4647231720437686,161.0,172.0,143.42857142857142,144.14285714285714
2024-03-03,134,22,156,69.1,28.3,48.8,0.0,0,1,0,0,0,6,3,9,25,43,86,-0.7818314824680299,0.6234898018587334,1.0,6.123233995736766e-17,0.8854560256532098,0.4647231720437686,151.0,136.0,136.14285714285714,139.71428571428572
2024-03-04,135,21,156,77.2,28.8,48.6,0.0,0,0,1,0,0,0,3,10,25,35,103,0.0,1.0,1.0,6.123233995736766e-17,0.9350162426854148,0.35460488704253557,166.0,174.0,133.71428571428572,139.57142857142858
2024-03-05,130,24,154,78.7,29.2,53.7,0.0,0,0,0,1,0,1,3,10,25,37,112,0.7818314824680298,0.6234898018587336,1.0,6.123233995736766e-17,0.9350162426854148,0.35460488704253557,163.0,157.0,129.28571428571428,136.78571428571428
2024-03-06,107,21,128,85.1,29.3,55.5,0.0,0,0,0,0,0,2,3,10,25,37,103,0.9749279121818236,-0.22252093395631434,1.0,6.123233995736766e-17,0.9350162426854148,0.35460488704253557,129.0,126.0,124.57142857142857,134.85714285714286
2024-03-07,115,21,136,93.5,29.3,52.9,0.0,0,0,0,0,0,3,3,10,24,31,95,0.43388373911755823,-0.900968867902419,1.0,6.123233995736766e-17,0.9350162426854148,0.35460488704253557,126.0,131.0,121.42857142857143,133.5
2024-03-08,107,20,127,84.2,29.6,50.1,0.0,0,0,0,0,0,4,3,10,24,32,84,-0.433883739117558,-0.9009688679024191,1.0,6.123233995736766e-17,0.9350162426854148,0.35460488704253557,108.0,118.0,119.85714285714286,132.35714285714286
2024-03-09,128,25,153,94.5,29.9,48.5,0.0,0,1,0,0,0,5,3,10,24,36,125,-0.9749279121818236,-0.2225209339563146,1.0,6.123233995736766e-17,0.9350162426854148,0.35460488704253557,110.0,161.0,119.71428571428571,131.57142857142858
2024-03-10,125,24,149,91.5,29.9,52.6,0.0,0,1,0,0,0,6,3,10,23,31,120,-0.7818314824680299,0.6234898018587334,1.0,6.123233995736766e-17,0.9350162426854148,0.35460488704253557,134.0,151.0,122.28571428571429,129.21428571428572
2024-03-11,140,22,162,91.8,30.1,52.3,0.0,0,0,1,0,0,0,3,11,25,38,85,0.0,1.0,1.0,6.123233995736766e-17,0.970941817426052,0.23931566428755804,135.0,166.0,121.0,127.35714285714286
2024-03-12,130,21,151,85.5,30.2,45.4,0.0,0,0,0,1,0,1,3,11,23,38,94,0.7818314824680298,0.6234898018587336,1.0,6.123233995736766e-17,0.970941817426052,0.23931566428755804,130.0,163.0,121.71428571428571,125.5
2024-03-13,99,15,114,89.4,30.1,47.3,0.0,0,0,0,0,0,2,3,11,25,36,58,0.9749279121818236,-0.22252093395631434,1.0,6.123233995736766e-17,0.970941817426052,0.23931566428755804,107.0,129.0,121.71428571428571,123.14285714285714
2024-03-14,108,21,129,99.2,29.9,57.4,0.0,0,0,0,0,0,3,3,11,25,38,98,0.43388373911755823,-0.900968867902419,1.0,6.123233995736766e-17,0.970941817426052,0.23931566428755804,115.0,126.0,120.57142857142857,121.0
2024-03-15,119,18,137,102.9,30.3,57.3,0.0,0,0,0,0,0,4,3,11,23,32,77,-0.433883739117558,-0.9009688679024191,1.0,6.123233995736766e-17,0.970941817426052,0.23931566428755804,107.0,108.0,119.57142857142857,119.71428571428571
2024-03-16,128,25,153,103.0,30.6,52.3,0.2,0,1,0,0,0,5,3,11,23,32,115,-0.9749279121818236,-0.2225209339563146,1.0,6.123233995736766e-17,0.970941817426052,0.23931566428755804,128.0,110.0,121.28571428571429,120.5
2024-03-17,120,22,142,73.6,30.0,49.6,0.0,0,1,0,0,0,6,3,11,25,39,79,-0.7818314824680299,0.6234898018587334,1.0,6.123233995736766e-17,0.970941817426052,0.23931566428755804,125.0,134.0,121.28571428571429,121.78571428571429
2024-03-18,143,28,171,65.2,29.8,49.2,0.0,0,0,1,0,0,0,3,12,24,36,105,0.0,1.0,1.0,6.123233995736766e-17,0.992708874098054,0.120536680255323,140.0,135.0,120.57142857142857,120.78571428571429
2024-03-19,123,24,147,66.0,29.8,40.0,0.0,0,0,0,1,0,1,3,12,24,34,107,0.7818314824680298,0.6234898018587336,1.0,6.123233995736766e-17,0.992708874098054,0.120536680255323,130.0,130.0,121.0,121.35714285714286
2024-03-20,111,22,133,70.9,29.6,44.8,0.0,0,0,0,0,0,2,3,12,25,33,96,0.9749279121818236,-0.22252093395631434,1.0,6.123233995736766e-17,0.992708874098054,0.120536680255323,99.0,107.0,120.0,120.85714285714286
2024-03-21,108,21,129,68.8,29.6,53.0,0.4,0,0,0,0,0,3,3,12,24,32,86,0.43388373911755823,-0.900968867902419,1.0,6.123233995736766e-17,0.992708874098054,0.120536680255323,108.0,115.0,121.71428571428571,121.14285714285714
2024-03-22,120,19,139,62.2,29.8,52.1,0.3,0,0,0,0,0,4,3,12,24,33,75,-0.433883739117558,-0.9009688679024191,1.0,6.123233995736766e-17,0.992708874098054,0.120536680255323,119.0,107.0,121.71428571428571,120.64285714285714
2024-03-23,127,23,150,70.2,30.6,45.6,0.0,0,1,0,0,0,5,3,12,23,34,88,-0.9749279121818236,-0.2225209339563146,1.0,6.123233995736766e-17,0.992708874098054,0.120536680255323,128.0,128.0,121.85714285714286,121.57142857142857
2024-03-24,118,18,136,66.5,29.7,47.5,0.0,0,1,0,0,0,6,3,12,24,34,76,-0.7818314824680299,0.6234898018587334,1.0,6.123233995736766e-17,0.992708874098054,0.120536680255323,120.0,125.0,121.71428571428571,121.5
2024-03-25,127,23,150,69.5,30.2,41.9,0.0,0,0,1,0,0,0,3,13,24,36,103,0.0,1.0,1.0,6.123233995736766e-17,1.0,-1.6081226496766366e-16,143.0,140.0,121.42857142857143,121.0
2024-03-26,127,23,150,78.5,30.4,42.5,0.0,0,0,0,1,0,1,3,13,24,33,102,0.7818314824680298,0.6234898018587336,1.0,6.123233995736766e-17,1.0,-1.6081226496766366e-16,123.0,130.0,119.14285714285714,120.07142857142857
2024-03-27,106,20,126,67.8,29.6,44.0,0.0,0,0,0,0,0,2,3,13,23,37,85,0.9749279121818236,-0.22252093395631434,1.0,6.123233995736766e-17,1.0,-1.6081226496766366e-16,111.0,99.0,119.71428571428571,119.85714285714286
2024-03-28,103,17,120,51.9,30.6,49.1,0.0,0,0,0,0,0,3,3,13,25,37,72,0.43388373911755823,-0.900968867902419,1.0,6.123233995736766e-17,1.0,-1.6081226496766366e-16,108.0,108.0,119.0,120.35714285714286
2024-03-29,59,11,70,64.7,30.9,51.0,0.0,1,0,0,0,0,4,3,13,20,30,44,-0.433883739117558,-0.9009688679024191,1.0,6.123233995736766e-17,1.0,-1.6081226496766366e-16,120.0,119.0,118.28571428571429,120.0
2024-03-30,129,24,153,66.2,30.6,51.1,0.0,0,1,0,0,0,5,3,13,23,28,114,-0.9749279121818236,-0.2225209339563146,1.0,6.123233995736766e-17,1.0,-1.6081226496766366e-16,127.0,128.0,109.57142857142857,115.71428571428571
2024-03-31,139,22,161,73.6,30.5,51.0,0.0,0,1,0,0,0,6,3,13,25,32,89,-0.7818314824680299,0.6234898018587334,1.0,6.123233995736766e-17,1.0,-1.6081226496766366e-16,118.0,120.0,109.85714285714286,115.78571428571429
2024-04-01,147,28,175,76.3,30.8,54.8,0.0,0,0,1,0,0,0,4,14,23,31,127,0.0,1.0,0.8660254037844387,-0.49999999999999983,0.992708874098054,-0.12053668025532288,127.0,143.0,112.85714285714286,117.14285714285714
2024-04-02,119,22,141,83.0,31.4,53.5,0.0,0,0,0,1,0,1,4,14,25,29,94,0.7818314824680298,0.6234898018587336,0.8660254037844387,-0.49999999999999983,0.992708874098054,-0.12053668025532288,127.0,123.0,115.71428571428571,117.42857142857143
2024-04-03,88,17,105,76.5,31.2,53.1,0.0,0,0,0,0,0,2,4,14,23,37,74,0.9749279121818236,-0.22252093395631434,0.8660254037844387,-0.49999999999999983,0.992708874098054,-0.12053668025532288,106.0,111.0,114.57142857142857,117.14285714285714
2024-04-04,110,17,127,70.4,31.6,52.3,0.0,0,0,0,0,0,3,4,14,25,32,62,0.43388373911755823,-0.900968867902419,0.8660254037844387,-0.49999999999999983,0.992708874098054,-0.12053668025532288,103.0,108.0,112.0,115.5
2024-04-05,102,18,120,73.6,31.6,52.6,0.0,0,0,0,0,0,4,4,14,24,29,68,-0.433883739117558,-0.9009688679024191,0.8660254037844387,-0.49999999999999983,0.992708874098054,-0.12053668025532288,59.0,120.0,113.0,115.64285714285714
2024-04-06,119,19,138,82.9,31.9,47.2,0.0,0,1,0,0,0,5,4,14,23,32,83,-0.9749279121818236,-0.2225209339563146,0.8660254037844387,-0.49999999999999983,0.992708874098054,-0.12053668025532288,129.0,127.0,119.14285714285714,114.35714285714286
2024-04-07,107,17,124,90.4,31.6,46.1,0.0,0,1,0,0,0,6,4,14,24,36,76,-0.7818314824680299,0.6234898018587334,0.8660254037844387,-0.49999999999999983,0.992708874098054,-0.12053668025532288,139.0,118.0,117.71428571428571,113.78571428571429
2024-04-08,123,23,146,92.3,31.8,47.2,0.0,0,0,1,0,0,0,4,15,25,29,99,0.0,1.0,0.8660254037844387,-0.49999999999999983,0.9709418174260521,-0.2393156642875575,147.0,127.0,113.14285714285714,113.0
2024-04-09,120,21,141,68.0,31.5,46.0,0.0,0,0,0,1,0,1,4,15,24,33,100,0.7818314824680298,0.6234898018587336,0.8660254037844387,-0.49999999999999983,0.9709418174260521,-0.2393156642875575,119.0,127.0,109.71428571428571,112.71428571428571
2024-04-10,95,17,112,76.5,31.5,45.5,0.0,0,0,0,0,0,2,4,15,24,34,72,0.9749279121818236,-0.22252093395631434,0.8660254037844387,-0.49999999999999983,0.9709418174260521,-0.2393156642875575,88.0,106.0,109.85714285714286,112.21428571428571
2024-04-11,92,16,108,92.0,31.6,46.9,0.0,0,0,0,0,0,3,4,15,24,35,71,0.43388373911755823,-0.900968867902419,0.8660254037844387,-0.49999999999999983,0.9709418174260521,-0.2393156642875575,110.0,103.0,110.85714285714286,111.42857142857143
2024-04-12,87,13,100,66.6,28.3,67.1,13.5,0,0,0,0,0,4,4,15,25,34,51,-0.433883739117558,-0.9009688679024191,0.8660254037844387,-0.49999999999999983,0.9709418174260521,-0.2393156642875575,102.0,59.0,108.28571428571429,110.64285714285714
2024-04-13,113,19,132,61.1,28.9,61.6,0.6,0,1,0,0,0,5,4,15,24,32,85,-0.9749279121818236,-0.2225209339563146,0.8660254037844387,-0.49999999999999983,0.9709418174260521,-0.2393156642875575,119.0,129.0,106.14285714285714,112.64285714285714
2024-04-14,64,11,75,67.5,29.6,52.3,0.3,1,1,0,0,0,6,4,15,21,32,50,-0.7818314824680299,0.6234898018587334,0.8660254037844387,-0.49999999999999983,0.9709418174260521,-0.2393156642875575,107.0,139.0,105.28571428571429,111.5
2024-04-15,126,24,150,61.4,30.0,54.0,0.0,0,0,1,0,0,0,4,16,25,26,110,0.0,1.0,0.8660254037844387,-0.49999999999999983,0.9350162426854148,-0.35460488704253545,123.0,147.0,99.14285714285714,106.14285714285714
2024-04-16,112,20,132,59.5,30.2,55.0,0.0,0,0,0,1,0,1,4,16,23,32,79,0.7818314824680298,0.6234898018587336,0.8660254037844387,-0.49999999999999983,0.9350162426854148,-0.35460488704253545,120.0,119.0,99.57142857142857,104.64285714285714
2024-04-17,90,14,104,79.5,30.6,55.9,0.0,0,0,0,0,0,2,4,16,25,30,59,0.9749279121818236,-0.22252093395631434,0.8660254037844387,-0.49999999999999983,0.9350162426854148,-0.35460488704253545,95.0,88.0,98.42857142857143,104.14285714285714
2024-04-18,105,21,126,80.6,30.7,60.2,0.0,0,0,0,0,0,3,4,16,23,27,76,0.43388373911755823,-0.900968867902419,0.8660254037844387,-0.49999999999999983,0.9350162426854148,-0.35460488704253545,92.0,110.0,97.71428571428571,104.28571428571429
2024-04-19,94,18,112,77.8,30.6,61.0,0.2,0,0,0,0,0,4,4,16,25,31,64,-0.433883739117558,-0.9009688679024191,0.8660254037844387,-0.49999999999999983,0.9350162426854148,-0.35460488704253545,87.0,102.0,99.57142857142857,103.92857142857143
2024-04-20,115,18,133,68.5,31.1,58.0,0.0,0,1,0,0,0,5,4,16,25,30,84,-0.9749279121818236,-0.2225209339563146,0.8660254037844387,-0.49999999999999983,0.9350162426854148,-0.35460488704253545,113.0,119.0,100.57142857142857,103.35714285714286
2024-04-21,107,20,127,70.8,31.8,53.7,0.0,0,1,0,0,0,6,4,16,25,26,77,-0.7818314824680299,0.6234898018587334,0.8660254037844387,-0.49999999999999983,0.9350162426854148,-0.35460488704253545,64.0,107.0,100.85714285714286,103.07142857142857
2024-04-22,122,18,140,73.3,31.6,55.0,0.0,0,0,1,0,0,0,4,17,23,31,64,0.0,1.0,0.8660254037844387,-0.49999999999999983,0.8854560256532099,-0.4647231720437685,126.0,123.0,107.0,103.07142857142857
2024-04-23,115,21,136,76.4,32.0,51.7,0.0,0,0,0,1,0,1,4,17,25,28,100,0.7818314824680298,0.6234898018587336,0.8660254037844387,-0.49999999999999983,0.8854560256532099,-0.4647231720437685,112.0,120.0,106.42857142857143,103.0
2024-04-24,109,18,127,70.7,32.0,47.8,0.0,0,0,0,0,0,2,4,17,24,31,70,0.9749279121818236,-0.22252093395631434,0.8660254037844387,-0.49999999999999983,0.8854560256532099,-0.4647231720437685,90.0,95.0,106.85714285714286,102.64285714285714
2024-04-25,95,15,110,68.5,32.2,44.3,0.0,0,0,0,0,0,3,4,17,24,30,69,0.43388373911755823,-0.900968867902419,0.8660254037844387,-0.49999999999999983,0.8854560256532099,-0.4647231720437685,105.0,92.0,109.57142857142857,103.64285714285714
2024-04-26,114,19,133,73.9,32.3,47.1,0.0,0,0,0,0,0,4,4,17,24,30,83,-0.433883739117558,-0.9009688679024191,0.8660254037844387,-0.49999999999999983,0.8854560256532099,-0.4647231720437685,94.0,87.0,108.14285714285714,103.85714285714286
2024-04-27,108,19,127,71.6,32.3,48.0,0.0,0,1,0,0,0,5,4,17,23,31,93,-0.9749279121818236,-0.2225209339563146,0.8660254037844387,-0.49999999999999983,0.8854560256532099,-0.4647231720437685,115.0,113.0,111.0,105.78571428571429
2024-04-28,112,19,131,70.7,32.5,45.5,0.0,0,1,0,0,0,6,4,17,24,28,67,-0.7818314824680299,0.6234898018587334,0.8660254037844387,-0.49999999999999983,0.8854560256532099,-0.4647231720437685,107.0,64.0,110.0,105.42857142857143
2024-04-29,125,21,146,76.8,33.2,43.7,0.0,0,0,1,0,0,0,4,18,23,31,104,0.0,1.0,0.8660254037844387,-0.49999999999999983,0.8229838658936565,-0.5680647467311557,122.0,126.0,110.71428571428571,108.85714285714286
2024-04-30,115,19,134,85.8,32.0,54.8,0.0,0,0,0,1,0,1,4,18,24,35,76,0.7818314824680298,0.6234898018587336,0.8660254037844387,-0.49999999999999983,0.8229838658936565,-0.5680647467311557,115.0,112.0,111.14285714285714,108.78571428571429
2024-05-01,57,11,68,73.4,31.2,61.9,0.0,1,0,0,0,0,2,5,18,20,32,49,0.9749279121818236,-0.22252093395631434,0.49999999999999994,-0.8660254037844387,0.8229838658936565,-0.5680647467311557,109.0,90.0,111.14285714285714,109.0
2024-05-02,86,14,100,73.2,32.6,58.0,0.0,0,0,0,0,0,3,5,18,24,27,55,0.43388373911755823,-0.900968867902419,0.49999999999999994,-0.8660254037844387,0.8229838658936565,-0.5680647467311557,95.0,105.0,103.71428571428571,106.64285714285714
2024-05-03,100,19,119,72.2,32.1,61.5,0.0,0,0,0,0,0,4,5,18,25,29,80,-0.433883739117558,-0.9009688679024191,0.49999999999999994,-0.8660254037844387,0.8229838658936565,-0.5680647467311557,114.0,94.0,102.42857142857143,105.28571428571429
2024-05-04,113,22,135,75.0,31.0,66.0,2.4,0,1,0,0,0,5,5,18,23,31,83,-0.9749279121818236,-0.2225209339563146,0.49999999999999994,-0.8660254037844387,0.8229838658936565,-0.5680647467311557,108.0,115.0,100.42857142857143,105.71428571428571
2024-05-05,124,23,147,77.1,30.7,61.0,9.0,0,1,0,0,0,6,5,18,25,32,98,-0.7818314824680299,0.6234898018587334,0.49999999999999994,-0.8660254037844387,0.8229838658936565,-0.5680647467311557,112.0,107.0,101.14285714285714,105.57142857142857
2024-05-06,130,26,156,58.2,30.7,56.2,0.9,0,0,1,0,0,0,5,19,23,26,101,0.0,1.0,0.49999999999999994,-0.8660254037844387,0.7485107481711013,-0.6631226582407951,125.0,122.0,102.85714285714286,106.78571428571429
2024-05-07,108,19,127,59.2,31.2,55.7,0.0,0,0,0,1,0,1,5,19,23,28,68,0.7818314824680298,0.6234898018587336,0.49999999999999994,-0.8660254037844387,0.7485107481711013,-0.6631226582407951,115.0,115.0,103.57142857142857,107.35714285714286
2024-05-08,90,14,104,76.8,31.2,55.8,0.1,0,0,0,0,0,2,5,19,24,31,55,0.9749279121818236,-0.22252093395631434,0.49999999999999994,-0.8660254037844387,0.7485107481711013,-0.6631226582407951,57.0,109.0,102.57142857142857,106.85714285714286
2024-05-09,99,15,114,96.6,29.6,65.7,1.1,0,0,0,0,0,3,5,19,23,28,72,0.43388373911755823,-0.900968867902419,0.49999999999999994,-0.8660254037844387,0.7485107481711013,-0.6631226582407951,86.0,95.0,107.28571428571429,105.5
2024-05-10,76,13,89,84.6,29.0,67.7,12.0,0,0,0,0,0,4,5,19,24,31,62,-0.433883739117558,-0.9009688679024191,0.49999999999999994,-0.8660254037844387,0.7485107481711013,-0.6631226582407951,100.0,114.0,109.14285714285714,105.78571428571429
2024-05-11,87,15,102,73.0,28.8,70.2,11.6,0,1,0,0,0,5,5,19,25,31,58,-0.9749279121818236,-0.2225209339563146,0.49999999999999994,-0.8660254037844387,0.7485107481711013,-0.6631226582407951,113.0,108.0,105.71428571428571,103.07142857142857
2024-05-12,99,17,116,70.4,27.9,77.0,11.8,0,1,0,0,0,6,5,19,23,31,61,-0.7818314824680299,0.6234898018587334,0.49999999999999994,-0.8660254037844387,0.7485107481711013,-0.6631226582407951,124.0,112.0,102.0,101.57142857142857
2024-05-13,122,18,140,62.3,28.3,73.8,3.5,0,0,1,0,0,0,5,20,23,26,64,0.0,1.0,0.49999999999999994,-0.8660254037844387,0.6631226582407952,-0.7485107481711012,130.0,125.0,98.42857142857143,100.64285714285714
2024-05-14,113,20,133,61.3,26.5,78.6,19.6,0,0,0,1,0,1,5,20,25,28,70,0.7818314824680298,0.6234898018587336,0.49999999999999994,-0.8660254037844387,0.6631226582407952,-0.7485107481711012,108.0,115.0,97.28571428571429,100.42857142857143
2024-05-15,98,18,116,78.0,27.8,75.5,14.8,0,0,0,0,0,2,5,20,25,30,70,0.9749279121818236,-0.22252093395631434,0.49999999999999994,-0.8660254037844387,0.6631226582407952,-0.7485107481711012,90.0,57.0,98.0,100.28571428571429
2024-05-16,96,17,113,78.0,26.9,71.0,6.6,0,0,0,0,0,3,5,20,23,32,80,0.43388373911755823,-0.900968867902419,0.49999999999999994,-0.8660254037844387,0.6631226582407952,-0.7485107481711012,99.0,86.0,99.14285714285714,103.21428571428571
2024-05-17,91,15,106,80.3,26.6,79.4,13.1,0,0,0,0,0,4,5,20,24,28,60,-0.433883739117558,-0.9009688679024191,0.49999999999999994,-0.8660254037844387,0.6631226582407952,-0.7485107481711012,76.0,100.0,98.71428571428571,103.92857142857143
2024-05-18,112,19,131,71.8,26.8,81.5,1.6,0,1,0,0,0,5,5,20,25,25,87,-0.9749279121818236,-0.2225209339563146,0.49999999999999994,-0.8660254037844387,0.6631226582407952,-0.7485107481711012,87.0,113.0,100.85714285714286,103.28571428571429
2024-05-19,116,23,139,47.8,26.1,86.4,24.4,0,1,0,0,0,6,5,20,23,30,85,-0.7818314824680299,0.6234898018587334,0.49999999999999994,-0.8660254037844387,0.6631226582407952,-0.7485107481711012,99.0,124.0,104.42857142857143,103.21428571428571
2024-05-20,112,18,130,36.5,24.5,93.7,6.1,0,0,1,0,0,0,5,21,23,31,63,0.0,1.0,0.49999999999999994,-0.8660254037844387,0.5680647467311558,-0.8229838658936564,122.0,130.0,106.85714285714286,102.64285714285714
2024-05-21,115,18,133,32.8,26.2,83.8,12.1,0,0,0,1,0,1,5,21,25,33,87,0.7818314824680298,0.6234898018587336,0.49999999999999994,-0.8660254037844387,0.5680647467311558,-0.8229838658936564,113.0,108.0,105.42857142857143,101.35714285714286
2024-05-22,89,14,103,56.2,25.3,91.9,24.2,0,0,0,0,0,2,5,21,23,31,63,0.9749279121818236,-0.22252093395631434,0.49999999999999994,-0.8660254037844387,0.5680647467311558,-0.8229838658936564,98.0,90.0,105.71428571428571,101.85714285714286
2024-05-23,95,15,110,49.8,25.0,91.8,22.3,0,0,0,0,0,3,5,21,23,32,58,0.43388373911755823,-0.900968867902419,0.49999999999999994,-0.8660254037844387,0.5680647467311558,-0.8229838658936564,96.0,99.0,104.42857142857143,101.78571428571429
2024-05-24,86,16,102,49.2,24.8,92.7,38.9,0,0,0,0,0,4,5,21,25,31,74,-0.433883739117558,-0.9009688679024191,0.49999999999999994,-0.8660254037844387,0.5680647467311558,-0.8229838658936564,91.0,76.0,104.28571428571429,101.5
2024-05-25,114,20,134,52.6,25.8,87.0,1.0,0,1,0,0,0,5,5,21,24,26,94,-0.9749279121818236,-0.2225209339563146,0.49999999999999994,-0.8660254037844387,0.5680647467311558,-0.8229838658936564,112.0,87.0,103.57142857142857,102.21428571428571
2024-05-26,110,17,127,54.6,26.6,84.8,3.3,0,1,0,0,0,6,5,21,24,32,77,-0.7818314824680299,0.6234898018587334,0.49999999999999994,-0.8660254037844387,0.5680647467311558,-0.8229838658936564,116.0,99.0,103.85714285714286,104.14285714285714
2024-05-27,112,18,130,53.5,27.4,80.1,0.0,0,0,1,0,0,0,5,22,24,27,86,0.0,1.0,0.49999999999999994,-0.8660254037844387,0.46472317204376906,-0.8854560256532096,112.0,122.0,103.0,104.92857142857143
2024-05-28,114,20,134,51.8,26.3,83.2,0.0,0,0,0,1,0,1,5,22,24,31,81,0.7818314824680298,0.6234898018587336,0.49999999999999994,-0.8660254037844387,0.46472317204376906,-0.8854560256532096,115.0,113.0,103.0,104.21428571428571
2024-05-29,104,19,123,33.9,27.1,81.5,1.2,0,0,0,0,0,2,5,22,25,31,83,0.9749279121818236,-0.22252093395631434,0.49999999999999994,-0.8660254037844387,0.46472317204376906,-0.8854560256532096,89.0,98.0,102.85714285714286,104.28571428571429
2024-05-30,89,17,106,32.0,27.4,82.6,0.2,0,0,0,0,0,3,5,22,24,32,65,0.43388373911755823,-0.900968867902419,0.49999999999999994,-0.8660254037844387,0.46472317204376906,-0.8854560256532096,95.0,96.0,105.0,104.71428571428571
2024-05-31,98,19,117,39.4,27.6,83.3,2.0,0,0,0,0,0,4,5,22,23,29,87,-0.433883739117558,-0.9009688679024191,0.49999999999999994,-0.8660254037844387,0.46472317204376906,-0.8854560256532096,86.0,91.0,104.14285714285714,104.21428571428571
2024-06-01,155,28,183,52.4,27.5,83.4,6.3,0,1,0,0,1,5,6,22,24,31,123,-0.9749279121818236,-0.2225209339563146,1.2246467991473532e-16,-1.0,0.46472317204376906,-0.8854560256532096,114.0,112.0,105.85714285714286,104.71428571428571
2024-06-02,161,27,188,51.2,26.8,85.2,5.2,0,1,0,0,1,6,6,22,24,31,100,-0.7818314824680299,0.6234898018587334,1.2246467991473532e-16,-1.0,0.46472317204376906,-0.8854560256532096,110.0,116.0,111.71428571428571,107.78571428571429
2024-06-03,142,28,170,40.8,26.8,82.5,2.2,0,0,1,0,1,0,6,23,23,32,130,0.0,1.0,1.2246467991473532e-16,-1.0,0.35460488704253584,-0.9350162426854147,112.0,112.0,119.0,111.0
2024-06-04,167,27,194,44.1,27.2,81.0,2.4,0,0,0,1,1,1,6,23,23,35,113,0.7818314824680298,0.6234898018587336,1.2246467991473532e-16,-1.0,0.35460488704253584,-0.9350162426854147,114.0,115.0,123.28571428571429,113.14285714285714
2024-06-05,112,22,134,32.8,26.8,81.0,1.1,0,0,0,0,1,2,6,23,25,39,81,0.9749279121818236,-0.22252093395631434,1.2246467991473532e-16,-1.0,0.35460488704253584,-0.9350162426854147,104.0,89.0,130.85714285714286,116.85714285714286
2024-06-06,113,22,135,25.0,26.0,83.7,15.6,0,0,0,0,1,3,6,23,24,42,109,0.43388373911755823,-0.900968867902419,1.2246467991473532e-16,-1.0,0.35460488704253584,-0.9350162426854147,89.0,95.0,132.0,118.5
2024-06-07,135,22,157,24.6,26.1,82.0,6.6,0,0,0,0,1,4,6,23,24,39,105,-0.433883739117558,-0.9009688679024191,1.2246467991473532e-16,-1.0,0.35460488704253584,-0.9350162426854147,98.0,86.0,135.42857142857142,119.78571428571429
2024-06-08,134,21,155,20.8,25.3,83.6,10.8,0,1,0,0,1,5,6,23,23,44,92,-0.9749279121818236,-0.2225209339563146,1.2246467991473532e-16,-1.0,0.35460488704253584,-0.9350162426854147,155.0,114.0,140.71428571428572,123.28571428571429
2024-06-09,135,23,158,20.8,25.5,81.6,0.4,0,1,0,0,1,6,6,23,23,42,88,-0.7818314824680299,0.6234898018587334,1.2246467991473532e-16,-1.0,0.35460488704253584,-0.9350162426854147,161.0,110.0,137.71428571428572,124.71428571428571
2024-06-10,163,25,188,23.2,25.8,80.5,0.9,0,0,1,0,1,0,6,24,25,36,119,0.0,1.0,1.2246467991473532e-16,-1.0,0.23931566428755768,-0.970941817426052,142.0,112.0,134.0,126.5
2024-06-11,157,25,182,26.5,26.1,79.6,0.2,0,0,0,1,1,1,6,24,23,41,120,0.7818314824680298,0.6234898018587336,1.2246467991473532e-16,-1.0,0.23931566428755768,-0.970941817426052,167.0,114.0,137.0,130.14285714285714
2024-06-12,134,22,156,19.9,25.2,83.4,0.7,0,0,0,0,1,2,6,24,25,35,108,0.9749279121818236,-0.22252093395631434,1.2246467991473532e-16,-1.0,0.23931566428755768,-0.970941817426052,112.0,104.0,135.57142857142858,133.21428571428572
2024-06-13,136,24,160,22.8,26.2,80.0,1.0,0,0,0,0,1,3,6,24,24,40,100,0.43388373911755823,-0.900968867902419,1.2246467991473532e-16,-1.0,0.23931566428755768,-0.970941817426052,113.0,89.0,138.71428571428572,135.35714285714286
2024-06-14,120,21,141,27.4,26.8,77.8,0.0,0,0,0,0,1,4,6,24,24,45,79,-0.433883739117558,-0.9009688679024191,1.2246467991473532e-16,-1.0,0.23931566428755768,-0.970941817426052,135.0,98.0,142.0,138.71428571428572
2024-06-15,117,19,136,41.9,27.2,73.6,0.2,0,1,0,0,0,5,6,24,24,35,93,-0.9749279121818236,-0.2225209339563146,1.2246467991473532e-16,-1.0,0.23931566428755768,-0.970941817426052,134.0,155.0,139.85714285714286,140.28571428571428
2024-06-16,127,22,149,43.3,27.0,74.7,0.4,0,1,0,0,0,6,6,24,23,38,95,-0.7818314824680299,0.6234898018587334,1.2246467991473532e-16,-1.0,0.23931566428755768,-0.970941817426052,135.0,161.0,137.42857142857142,137.57142857142858
2024-06-17,110,21,131,33.1,27.0,75.9,1.3,0,0,1,0,0,0,6,25,24,41,78,0.0,1.0,1.2246467991473532e-16,-1.0,0.12053668025532308,-0.992708874098054,163.0,142.0,136.28571428571428,135.14285714285714
2024-06-18,127,19,146,24.5,26.3,77.8,4.9,0,0,0,1,0,1,6,25,24,35,89,0.7818314824680298,0.6234898018587336,1.2246467991473532e-16,-1.0,0.12053668025532308,-0.992708874098054,157.0,167.0,128.71428571428572,132.85714285714286
2024-06-19,109,21,130,21.2,25.9,78.9,5.3,0,0,0,0,0,2,6,25,23,33,87,0.9749279121818236,-0.22252093395631434,1.2246467991473532e-16,-1.0,0.12053668025532308,-0.992708874098054,134.0,112.0,124.42857142857143,130.0
2024-06-20,109,22,131,22.0,25.1,80.1,0.1,0,0,0,0,0,3,6,25,25,33,79,0.43388373911755823,-0.900968867902419,1.2246467991473532e-16,-1.0,0.12053668025532308,-0.992708874098054,136.0,113.0,120.85714285714286,129.78571428571428
2024-06-21,107,17,124,26.8,24.9,84.0,0.7,0,0,0,0,0,4,6,25,24,34,83,-0.433883739117558,-0.9009688679024191,1.2246467991473532e-16,-1.0,0.12053668025532308,-0.992708874098054,120.0,135.0,117.0,129.5
2024-06-22,116,20,136,21.5,25.8,80.1,6.5,0,1,0,0,0,5,6,25,24,34,88,-0.9749279121818236,-0.2225209339563146,1.2246467991473532e-16,-1.0,0.12053668025532308,-0.992708874098054,117.0,134.0,115.14285714285714,127.5
2024-06-23,109,17,126,22.5,24.1,89.9,18.8,0,1,0,0,0,6,6,25,25,34,61,-0.7818314824680299,0.6234898018587334,1.2246467991473532e-16,-1.0,0.12053668025532308,-0.992708874098054,127.0,135.0,115.0,126.21428571428571
2024-06-24,128,23,151,20.1,23.3,93.8,12.9,0,0,1,0,0,0,6,26,25,30,113,0.0,1.0,1.2246467991473532e-16,-1.0,-3.216245299353273e-16,-1.0,110.0,163.0,112.42857142857143,124.35714285714286
2024-06-25,141,24,165,18.2,23.5,92.1,7.8,0,0,0,1,0,1,6,26,23,33,102,0.7818314824680298,0.6234898018587336,1.2246467991473532e-16,-1.0,-3.216245299353273e-16,-1.0,127.0,157.0,115.0,121.85714285714286
2024-06-26,96,16,112,16.0,22.7,96.9,51.7,0,0,0,0,0,2,6,26,25,33,67,0.9749279121818236,-0.22252093395631434,1.2246467991473532e-16,-1.0,-3.216245299353273e-16,-1.0,109.0,134.0,117.0,120.71428571428571
2024-06-27,103,19,122,17.1,23.1,94.5,10.0,0,0,0,0,0,3,6,26,25,34,67,0.43388373911755823,-0.900968867902419,1.2246467991473532e-16,-1.0,-3.216245299353273e-16,-1.0,109.0,136.0,115.14285714285714,118.0
2024-06-28,113,21,134,19.2,24.5,86.5,0.0,0,0,0,0,0,4,6,26,24,35,81,-0.433883739117558,-0.9009688679024191,1.2246467991473532e-16,-1.0,-3.216245299353273e-16,-1.0,107.0,120.0,114.28571428571429,115.64285714285714
2024-06-29,127,21,148,22.8,25.3,84.8,0.0,0,1,0,0,0,5,6,26,23,30,95,-0.9749279121818236,-0.2225209339563146,1.2246467991473532e-16,-1.0,-3.216245299353273e-16,-1.0,116.0,117.0,115.14285714285714,115.14285714285714
2024-06-30,132,23,155,24.2,25.2,87.8,1.1,0,1,0,0,0,6,6,26,23,35,113,-0.7818314824680299,0.6234898018587334,1.2246467991473532e-16,-1.0,-3.216245299353273e-16,-1.0,109.0,127.0,116.71428571428571,115.85714285714286
2024-07-01,139,25,164,21.3,24.8,86.2,1.0,0,0,1,0,0,0,7,27,25,33,102,0.0,1.0,-0.4999999999999998,-0.8660254037844388,-0.12053668025532283,-0.992708874098054,128.0,110.0,120.0,116.21428571428571
2024-07-02,138,23,161,17.5,25.2,86.8,0.0,0,0,0,1,0,1,7,27,25,38,102,0.7818314824680298,0.6234898018587336,-0.4999999999999998,-0.8660254037844388,-0.12053668025532283,-0.992708874098054,141.0,127.0,121.57142857142857,118.28571428571429
2024-07-03,111,21,132,23.6,25.4,85.2,4.0,0,0,0,0,0,2,7,27,25,33,89,0.9749279121818236,-0.22252093395631434,-0.4999999999999998,-0.8660254037844388,-0.12053668025532283,-0.992708874098054,96.0,109.0,121.14285714285714,119.07142857142857
2024-07-04,104,17,121,25.4,25.2,85.9,3.2,0,0,0,0,0,3,7,27,24,39,83,0.43388373911755823,-0.900968867902419,-0.4999999999999998,-0.8660254037844388,-0.12053668025532283,-0.992708874098054,103.0,109.0,123.28571428571429,119.21428571428571
2024-07-05,116,22,138,30.3,25.4,83.8,5.1,0,0,0,0,0,4,7,27,23,37,93,-0.433883739117558,-0.9009688679024191,-0.4999999999999998,-0.8660254037844388,-0.12053668025532283,-0.992708874098054,113.0,107.0,123.42857142857143,118.85714285714286
2024-07-06,136,25,161,23.5,24.5,84.8,0.2,0,1,0,0,0,5,7,27,25,33,97,-0.9749279121818236,-0.2225209339563146,-0.4999999999999998,-0.8660254037844388,-0.12053668025532283,-0.992708874098054,127.0,116.0,123.85714285714286,119.5
2024-07-07,125,20,145,23.8,25.1,83.8,1.1,0,1,0,0,0,6,7,27,23,38,75,-0.7818314824680299,0.6234898018587334,-0.4999999999999998,-0.8660254037844388,-0.12053668025532283,-0.992708874098054,132.0,109.0,125.14285714285714,120.92857142857143
2024-07-08,124,24,148,24.0,23.7,88.1,1.4,0,0,1,0,0,0,7,28,25,38,89,0.0,1.0,-0.4999999999999998,-0.8660254037844388,-0.23931566428755743,-0.9709418174260521,139.0,128.0,124.14285714285714,122.07142857142857
2024-07-09,126,21,147,20.5,24.7,83.8,2.5,0,0,0,1,0,1,7,28,23,39,78,0.7818314824680298,0.6234898018587336,-0.4999999999999998,-0.8660254037844388,-0.23931566428755743,-0.9709418174260521,138.0,141.0,122.0,121.78571428571429
2024-07-10,124,24,148,31.3,25.2,82.2,4.2,0,0,0,0,0,2,7,28,23,38,87,0.9749279121818236,-0.22252093395631434,-0.4999999999999998,-0.8660254037844388,-0.23931566428755743,-0.9709418174260521,111.0,96.0,120.28571428571429,120.71428571428571
2024-07-11,104,17,121,32.9,25.5,81.8,0.6,0,0,0,0,0,3,7,28,23,38,62,0.43388373911755823,-0.900968867902419,-0.4999999999999998,-0.8660254037844388,-0.23931566428755743,-0.9709418174260521,104.0,103.0,122.14285714285714,122.71428571428571
2024-07-12,99,18,117,30.3,24.7,87.8,20.9,0,0,0,0,0,4,7,28,24,35,82,-0.433883739117558,-0.9009688679024191,-0.4999999999999998,-0.8660254037844388,-0.23931566428755743,-0.9709418174260521,116.0,113.0,122.14285714285714,122.78571428571429
2024-07-13,122,24,146,18.6,24.5,86.7,1.1,0,1,0,0,0,5,7,28,23,34,110,-0.9749279121818236,-0.2225209339563146,-0.4999999999999998,-0.8660254037844388,-0.23931566428755743,-0.9709418174260521,136.0,127.0,119.71428571428571,121.78571428571429
2024-07-14,139,24,163,17.2,23.9,88.9,2.6,0,1,0,0,0,6,7,28,23,33,86,-0.7818314824680299,0.6234898018587334,-0.4999999999999998,-0.8660254037844388,-0.23931566428755743,-0.9709418174260521,125.0,132.0,117.71428571428571,121.42857142857143
2024-07-15,130,25,155,15.6,23.5,91.2,8.1,0,0,1,0,0,0,7,29,25,37,103,0.0,1.0,-0.4999999999999998,-0.8660254037844388,-0.3546048870425356,-0.9350162426854148,124.0,139.0,119.71428571428571,121.92857142857143
2024-07-16,142,27,169,15.7,23.2,91.5,6.7,0,0,0,1,0,1,7,29,25,34,131,0.7818314824680298,0.6234898018587336,-0.4999999999999998,-0.8660254037844388,-0.3546048870425356,-0.9350162426854148,126.0,138.0,120.57142857142857,121.28571428571429
2024-07-17,102,16,118,17.1,23.3,91.8,5.6,0,0,0,0,0,2,7,29,23,32,58,0.9749279121818236,-0.22252093395631434,-0.4999999999999998,-0.8660254037844388,-0.3546048870425356,-0.9350162426854148,124.0,111.0,122.85714285714286,121.57142857142857
2024-07-18,100,17,117,16.7,23.0,93.0,9.1,0,0,0,0,0,3,7,29,24,36,60,0.43388373911755823,-0.900968867902419,-0.4999999999999998,-0.8660254037844388,-0.3546048870425356,-0.9350162426854148,104.0,104.0,119.71428571428571,120.92857142857143
2024-07-19,121,19,140,18.4,23.3,89.2,1.0,0,0,0,0,0,4,7,29,23,31,90,-0.433883739117558,-0.9009688679024191,-0.4999999999999998,-0.8660254037844388,-0.3546048870425356,-0.9350162426854148,99.0,116.0,119.14285714285714,120.64285714285714
2024-07-20,121,19,140,19.6,24.3,85.6,0.3,0,1,0,0,0,5,7,29,25,34,88,-0.9749279121818236,-0.2225209339563146,-0.4999999999999998,-0.8660254037844388,-0.3546048870425356,-0.9350162426854148,122.0,136.0,122.28571428571429,121.0
2024-07-21,124,22,146,23.0,24.6,84.0,0.6,0,1,0,0,0,6,7,29,25,37,89,-0.7818314824680299,0.6234898018587334,-0.4999999999999998,-0.8660254037844388,-0.3546048870425356,-0.9350162426854148,139.0,125.0,122.14285714285714,119.92857142857143
2024-07-22,130,24,154,27.8,23.8,90.1,0.0,0,0,1,0,0,0,7,30,24,31,87,0.0,1.0,-0.4999999999999998,-0.8660254037844388,-0.46472317204376806,-0.8854560256532101,130.0,124.0,120.0,119.85714285714286
2024-07-23,136,26,162,23.3,24.9,85.1,0.2,0,0,0,1,0,1,7,30,25,33,96,0.7818314824680298,0.6234898018587336,-0.4999999999999998,-0.8660254037844388,-0.46472317204376806,-0.8854560256532101,142.0,126.0,120.0,120.28571428571429
2024-07-24,114,19,133,20.4,24.9,84.3,0.1,0,0,0,0,0,2,7,30,25,37,94,0.9749279121818236,-0.22252093395631434,-0.4999999999999998,-0.8660254037844388,-0.46472317204376806,-0.8854560256532101,102.0,124.0,119.14285714285714,121.0
2024-07-25,104,17,121,17.2,23.9,89.3,2.2,0,0,0,0,0,3,7,30,25,36,78,0.43388373911755823,-0.900968867902419,-0.4999999999999998,-0.8660254037844388,-0.46472317204376806,-0.8854560256532101,100.0,104.0,120.85714285714286,120.28571428571429
2024-07-26,103,20,123,16.7,24.6,85.4,1.2,0,0,0,0,0,4,7,30,23,36,71,-0.433883739117558,-0.9009688679024191,-0.4999999999999998,-0.8660254037844388,-0.46472317204376806,-0.8854560256532101,121.0,99.0,121.42857142857143,120.28571428571429
2024-07-27,113,20,133,17.8,25.4,80.5,0.3,0,1,0,0,0,5,7,30,23,32,93,-0.9749279121818236,-0.2225209339563146,-0.4999999999999998,-0.8660254037844388,-0.46472317204376806,-0.8854560256532101,121.0,122.0,118.85714285714286,120.57142857142857
2024-07-28,122,21,143,28.2,25.0,83.0,0.0,0,1,0,0,0,6,7,30,24,32,90,-0.7818314824680299,0.6234898018587334,-0.4999999999999998,-0.8660254037844388,-0.46472317204376806,-0.8854560256532101,124.0,139.0,117.71428571428571,119.92857142857143
2024-07-29,142,26,168,21.0,24.0,87.9,6.6,0,0,1,0,0,0,7,31,24,30,99,0.0,1.0,-0.4999999999999998,-0.8660254037844388,-0.5680647467311556,-0.8229838658936565,130.0,130.0,117.42857142857143,118.71428571428571
2024-07-30,122,24,146,17.4,22.7,95.4,43.3,0,0,0,1,0,1,7,31,23,34,101,0.7818314824680298,0.6234898018587336,-0.4999999999999998,-0.8660254037844388,-0.5680647467311556,-0.8229838658936565,136.0,142.0,119.14285714285714,119.57142857142857
2024-07-31,113,20,133,16.8,23.9,90.1,11.9,0,0,0,0,0,2,7,31,23,31,76,0.9749279121818236,-0.22252093395631434,-0.4999999999999998,-0.8660254037844388,-0.5680647467311556,-0.8229838658936565,114.0,102.0,117.14285714285714,118.14285714285714
2024-08-01,93,16,109,17.9,24.4,87.4,2.2,0,0,0,0,0,3,8,31,25,31,59,0.43388373911755823,-0.900968867902419,-0.8660254037844384,-0.5000000000000004,-0.5680647467311556,-0.8229838658936565,104.0,100.0,117.0,118.92857142857143
2024-08-02,109,18,127,19.2,24.9,84.2,0.1,0,0,0,0,0,4,8,31,24,29,70,-0.433883739117558,-0.9009688679024191,-0.8660254037844384,-0.5000000000000004,-0.5680647467311556,-0.8229838658936565,103.0,121.0,115.42857142857143,118.42857142857143
2024-08-03,123,24,147,23.0,25.0,83.3,4.8,0,1,0,0,0,5,8,31,24,37,88,-0.9749279121818236,-0.2225209339563146,-0.8660254037844384,-0.5000000000000004,-0.5680647467311556,-0.8229838658936565,113.0,121.0,116.28571428571429,117.57142857142857
2024-08-04,109,20,129,26.6,24.9,86.0,2.8,0,1,0,0,0,6,8,31,23,30,93,-0.7818314824680299,0.6234898018587334,-0.8660254037844384,-0.5000000000000004,-0.5680647467311556,-0.8229838658936565,122.0,124.0,117.71428571428571,117.71428571428571
2024-08-05,144,29,173,31.9,24.5,87.5,5.5,0,0,1,0,0,0,8,32,25,29,119,0.0,1.0,-0.8660254037844384,-0.5000000000000004,-0.663122658240795,-0.7485107481711013,142.0,130.0,115.85714285714286,116.64285714285714
2024-08-06,126,23,149,25.0,24.4,87.1,1.9,0,0,0,1,0,1,8,32,25,36,114,0.7818314824680298,0.6234898018587336,-0.8660254037844384,-0.5000000000000004,-0.663122658240795,-0.7485107481711013,122.0,136.0,116.14285714285714,117.64285714285714
2024-08-07,79,13,92,30.9,24.5,88.8,33.5,0,0,0,0,0,2,8,32,23,32,57,0.9749279121818236,-0.22252093395631434,-0.8660254037844384,-0.5000000000000004,-0.663122658240795,-0.7485107481711013,113.0,114.0,116.71428571428571,116.92857142857143
2024-08-08,105,17,122,30.7,24.0,89.2,4.7,0,0,0,0,0,3,8,32,25,29,75,0.43388373911755823,-0.900968867902419,-0.8660254037844384,-0.5000000000000004,-0.663122658240795,-0.7485107481711013,93.0,104.0,111.85714285714286,114.42857142857143
2024-08-09,102,18,120,26.5,24.9,84.9,5.4,0,0,0,0,0,4,8,32,25,33,88,-0.433883739117558,-0.9009688679024191,-0.8660254037844384,-0.5000000000000004,-0.663122658240795,-0.7485107481711013,109.0,103.0,113.57142857142857,114.5
2024-08-10,128,21,149,30.2,24.7,88.9,5.8,0,1,0,0,0,5,8,32,25,32,88,-0.9749279121818236,-0.2225209339563146,-0.8660254037844384,-0.5000000000000004,-0.663122658240795,-0.7485107481711013,123.0,113.0,112.57142857142857,114.42857142857143
2024-08-11,121,20,141,35.5,24.9,88.5,4.7,0,1,0,0,0,6,8,32,24,31,81,-0.7818314824680299,0.6234898018587334,-0.8660254037844384,-0.5000000000000004,-0.663122658240795,-0.7485107481711013,109.0,122.0,113.28571428571429,115.5
2024-08-12,129,24,153,41.6,26.1,83.0,2.4,0,0,1,0,0,0,8,33,25,32,104,0.0,1.0,-0.8660254037844384,-0.5000000000000004,-0.7485107481711011,-0.6631226582407952,144.0,142.0,115.0,115.42857142857143
2024-08-13,115,23,138,46.7,25.7,83.9,27.9,0,0,0,1,0,1,8,33,23,33,104,0.7818314824680298,0.6234898018587336,-0.8660254037844384,-0.5000000000000004,-0.7485107481711011,-0.6631226582407952,126.0,122.0,112.85714285714286,114.5
2024-08-14,109,18,127,63.3,25.6,86.2,2.2,0,0,0,0,0,2,8,33,25,35,63,0.9749279121818236,-0.22252093395631434,-0.8660254037844384,-0.5000000000000004,-0.7485107481711011,-0.6631226582407952,79.0,113.0,111.28571428571429,114.0
2024-08-15,61,11,72,55.5,25.8,82.8,3.2,1,0,0,0,0,3,8,33,21,29,51,0.43388373911755823,-0.900968867902419,-0.8660254037844384,-0.5000000000000004,-0.7485107481711011,-0.6631226582407952,105.0,93.0,115.57142857142857,113.71428571428571
2024-08-16,99,17,116,54.0,25.6,86.8,3.7,0,0,0,0,0,4,8,33,24,27,68,-0.433883739117558,-0.9009688679024191,-0.8660254037844384,-0.5000000000000004,-0.7485107481711011,-0.6631226582407952,102.0,109.0,109.28571428571429,111.42857142857143
2024-08-17,144,26,170,43.1,25.9,82.6,0.0,0,1,0,0,0,5,8,33,25,29,97,-0.9749279121818236,-0.2225209339563146,-0.8660254037844384,-0.5000000000000004,-0.7485107481711011,-0.6631226582407952,128.0,123.0,108.85714285714286,110.71428571428571
2024-08-18,111,20,131,24.0,25.9,81.7,0.0,0,1,0,0,0,6,8,33,23,35,96,-0.7818314824680299,0.6234898018587334,-0.8660254037844384,-0.5000000000000004,-0.7485107481711011,-0.6631226582407952,121.0,109.0,111.14285714285714,112.21428571428571
2024-08-19,126,24,150,34.1,25.7,82.8,0.1,0,0,1,0,0,0,8,34,25,30,88,0.0,1.0,-0.8660254037844384,-0.5000000000000004,-0.8229838658936564,-0.5680647467311559,129.0,144.0,109.71428571428571,112.35714285714286
2024-08-20,142,25,167,28.5,25.5,83.9,1.5,0,0,0,1,0,1,8,34,25,35,103,0.7818314824680298,0.6234898018587336,-0.8660254037844384,-0.5000000000000004,-0.8229838658936564,-0.5680647467311559,115.0,126.0,109.28571428571429,111.07142857142857
2024-08-21,103,16,119,29.0,25.6,78.5,0.3,0,0,0,0,0,2,8,34,24,35,76,0.9749279121818236,-0.22252093395631434,-0.8660254037844384,-0.5000000000000004,-0.8229838658936564,-0.5680647467311559,109.0,79.0,113.14285714285714,112.21428571428571
2024-08-22,107,21,128,21.2,25.0,81.0,0.0,0,0,0,0,0,3,8,34,25,28,88,0.43388373911755823,-0.900968867902419,-0.8660254037844384,-0.5000000000000004,-0.8229838658936564,-0.5680647467311559,61.0,105.0,112.28571428571429,113.92857142857143
2024-08-23,105,19,124,27.0,25.7,79.9,0.0,0,0,0,0,0,4,8,34,24,33,84,-0.433883739117558,-0.9009688679024191,-0.8660254037844384,-0.5000000000000004,-0.8229838658936564,-0.5680647467311559,99.0,102.0,118.85714285714286,114.07142857142857
2024-08-24,128,23,151,30.7,25.2,79.7,0.6,0,1,0,0,0,5,8,34,24,32,87,-0.9749279121818236,-0.2225209339563146,-0.8660254037844384,-0.5000000000000004,-0.8229838658936564,-0.5680647467311559,144.0,128.0,119.71428571428571,114.28571428571429
2024-08-25,116,23,139,22.8,24.7,82.2,0.0,0,1,0,0,0,6,8,34,23,33,108,-0.7818314824680299,0.6234898018587334,-0.8660254037844384,-0.5000000000000004,-0.8229838658936564,-0.5680647467311559,111.0,121.0,117.42857142857143,114.28571428571429
2024-08-26,147,27,174,23.2,25.0,78.9,0.2,0,0,1,0,0,0,8,35,25,37,112,0.0,1.0,-0.8660254037844384,-0.5000000000000004,-0.8854560256532096,-0.4647231720437691,126.0,129.0,118.14285714285714,113.92857142857143
2024-08-27,135,24,159,18.8,24.8,81.8,0.0,0,0,0,1,0,1,8,35,24,39,119,0.7818314824680298,0.6234898018587336,-0.8660254037844384,-0.5000000000000004,-0.8854560256532096,-0.4647231720437691,142.0,115.0,121.14285714285714,115.21428571428571
2024-08-28,95,16,111,21.5,24.9,82.2,1.1,0,0,0,0,0,2,8,35,24,38,78,0.9749279121818236,-0.22252093395631434,-0.8660254037844384,-0.5000000000000004,-0.8854560256532096,-0.4647231720437691,103.0,109.0,120.14285714285714,116.64285714285714
2024-08-29,115,22,137,20.3,24.7,82.2,3.2,0,0,0,0,0,3,8,35,23,31,95,0.43388373911755823,-0.900968867902419,-0.8660254037844384,-0.5000000000000004,-0.8854560256532096,-0.4647231720437691,107.0,61.0,119.0,115.64285714285714
2024-08-30,111,19,130,15.8,24.8,81.7,0.9,0,0,0,0,0,4,8,35,25,34,94,-0.433883739117558,-0.9009688679024191,-0.8660254037844384,-0.5000000000000004,-0.8854560256532096,-0.4647231720437691,105.0,99.0,120.14285714285714,119.5
2024-08-31,121,20,141,16.3,24.6,83.0,0.4,0,1,0,0,0,5,8,35,23,38,73,-0.9749279121818236,-0.2225209339563146,-0.8660254037844384,-0.5000000000000004,-0.8854560256532096,-0.4647231720437691,128.0,144.0,121.0,120.35714285714286
2024-09-01,136,26,162,17.7,24.9,83.4,2.5,0,1,0,0,0,6,9,35,24,38,128,-0.7818314824680299,0.6234898018587334,-1.0,-1.8369701987210297e-16,-0.8854560256532096,-0.4647231720437691,116.0,111.0,120.0,118.71428571428571
2024-09-02,136,24,160,20.2,25.3,81.9,4.9,0,0,1,0,0,0,9,36,25,35,116,0.0,1.0,-1.0,-1.8369701987210297e-16,-0.9350162426854147,-0.3546048870425359,147.0,126.0,122.85714285714286,120.5
2024-09-03,147,26,173,19.8,25.1,81.3,2.1,0,0,0,1,0,1,9,36,25,34,105,0.7818314824680298,0.6234898018587336,-1.0,-1.8369701987210297e-16,-0.9350162426854147,-0.3546048870425359,135.0,142.0,121.28571428571429,121.21428571428571
2024-09-04,113,17,130,22.5,25.5,80.2,0.0,0,0,0,0,0,2,9,36,24,37,71,0.9749279121818236,-0.22252093395631434,-1.0,-1.8369701987210297e-16,-0.9350162426854147,-0.3546048870425359,95.0,103.0,123.0,121.57142857142857
2024-09-05,124,19,143,29.6,26.3,76.8,0.8,0,0,0,0,0,3,9,36,25,33,94,0.43388373911755823,-0.900968867902419,-1.0,-1.8369701987210297e-16,-0.9350162426854147,-0.3546048870425359,115.0,107.0,125.57142857142857,122.28571428571429
2024-09-06,101,20,121,31.9,25.8,78.8,4.0,0,0,0,0,0,4,9,36,23,40,77,-0.433883739117558,-0.9009688679024191,-1.0,-1.8369701987210297e-16,-0.9350162426854147,-0.3546048870425359,111.0,105.0,126.85714285714286,123.5
2024-09-07,120,18,138,33.8,25.9,78.5,1.4,0,1,0,0,0,5,9,36,23,33,88,-0.9749279121818236,-0.2225209339563146,-1.0,-1.8369701987210297e-16,-0.9350162426854147,-0.3546048870425359,121.0,128.0,125.42857142857143,123.21428571428571
2024-09-08,126,20,146,28.2,25.2,81.0,0.0,0,1,0,0,0,6,9,36,24,38,89,-0.7818314824680299,0.6234898018587334,-1.0,-1.8369701987210297e-16,-0.9350162426854147,-0.3546048870425359,136.0,116.0,125.28571428571429,122.64285714285714
2024-09-09,152,25,177,18.2,25.1,81.0,0.5,0,0,1,0,0,0,9,37,24,32,104,0.0,1.0,-1.0,-1.8369701987210297e-16,-0.970941817426052,-0.23931566428755774,136.0,147.0,123.85714285714286,123.35714285714286
2024-09-10,137,26,163,17.5,25.2,79.8,0.1,0,0,0,1,0,1,9,37,23,36,98,0.7818314824680298,0.6234898018587336,-1.0,-1.8369701987210297e-16,-0.970941817426052,-0.23931566428755774,147.0,135.0,126.14285714285714,123.71428571428571
2024-09-11,105,19,124,17.5,25.0,81.0,0.0,0,0,0,0,0,2,9,37,25,35,87,0.9749279121818236,-0.22252093395631434,-1.0,-1.8369701987210297e-16,-0.970941817426052,-0.23931566428755774,113.0,95.0,124.71428571428571,123.85714285714286
2024-09-12,100,16,116,18.7,25.7,78.6,1.1,0,0,0,0,0,3,9,37,23,32,68,0.43388373911755823,-0.900968867902419,-1.0,-1.8369701987210297e-16,-0.970941817426052,-0.23931566428755774,124.0,115.0,123.57142857142857,124.57142857142857
2024-09-13,107,18,125,31.4,26.4,76.6,0.2,0,0,0,0,0,4,9,37,23,38,76,-0.433883739117558,-0.9009688679024191,-1.0,-1.8369701987210297e-16,-0.970941817426052,-0.23931566428755774,101.0,111.0,120.14285714285714,123.5
2024-09-14,101,16,117,35.8,25.7,79.6,10.3,0,1,0,0,0,5,9,37,24,36,57,-0.9749279121818236,-0.2225209339563146,-1.0,-1.8369701987210297e-16,-0.970941817426052,-0.23931566428755774,120.0,121.0,121.0,123.21428571428571
2024-09-15,141,27,168,33.0,25.8,80.1,5.3,0,1,0,0,0,6,9,37,25,34,128,-0.7818314824680299,0.6234898018587334,-1.0,-1.8369701987210297e-16,-0.970941817426052,-0.23931566428755774,126.0,136.0,118.28571428571429,121.78571428571429
2024-09-16,136,23,159,35.7,26.4,75.9,0.0,0,0,1,0,0,0,9,38,23,35,110,0.0,1.0,-1.0,-1.8369701987210297e-16,-0.992708874098054,-0.12053668025532357,152.0,136.0,120.42857142857143,122.14285714285714
2024-09-17,148,27,175,33.6,26.3,77.2,6.8,0,0,0,1,0,1,9,38,25,35,110,0.7818314824680298,0.6234898018587336,-1.0,-1.8369701987210297e-16,-0.992708874098054,-0.12053668025532357,137.0,147.0,118.14285714285714,122.14285714285714
2024-09-18,112,20,132,39.6,25.9,75.5,0.9,0,0,0,0,0,2,9,38,25,36,84,0.9749279121818236,-0.22252093395631434,-1.0,-1.8369701987210297e-16,-0.992708874098054,-0.12053668025532357,105.0,113.0,119.71428571428571,122.21428571428571
2024-09-19,92,14,106,43.4,25.8,75.2,3.0,0,0,0,0,0,3,9,38,24,32,65,0.43388373911755823,-0.900968867902419,-1.0,-1.8369701987210297e-16,-0.992708874098054,-0.12053668025532357,100.0,124.0,120.71428571428571,122.14285714285714
2024-09-20,113,18,131,44.4,25.9,73.9,0.0,0,0,0,0,0,4,9,38,24,38,67,-0.433883739117558,-0.9009688679024191,-1.0,-1.8369701987210297e-16,-0.992708874098054,-0.12053668025532357,107.0,101.0,119.57142857142857,119.85714285714286
2024-09-21,126,22,148,38.4,25.8,76.4,2.4,0,1,0,0,0,5,9,38,25,38,100,-0.9749279121818236,-0.2225209339563146,-1.0,-1.8369701987210297e-16,-0.992708874098054,-0.12053668025532357,101.0,120.0,120.42857142857143,120.71428571428571
2024-09-22,129,22,151,34.1,25.6,77.1,1.1,0,1,0,0,0,6,9,38,25,32,86,-0.7818314824680299,0.6234898018587334,-1.0,-1.8369701987210297e-16,-0.992708874098054,-0.12053668025532357,141.0,126.0,124.0,121.14285714285714
2024-09-23,135,24,159,26.7,25.6,79.7,5.2,0,0,1,0,0,0,9,39,23,37,101,0.0,1.0,-1.0,-1.8369701987210297e-16,-1.0,-1.8369701987210297e-16,136.0,152.0,122.28571428571429,121.35714285714286
2024-09-24,126,24,150,22.1,25.7,76.6,0.6,0,0,0,1,0,1,9,39,23,34,114,0.7818314824680298,0.6234898018587336,-1.0,-1.8369701987210297e-16,-1.0,-1.8369701987210297e-16,148.0,137.0,122.14285714285714,120.14285714285714
2024-09-25,111,18,129,27.3,26.0,76.4,0.0,0,0,0,0,0,2,9,39,24,34,70,0.9749279121818236,-0.22252093395631434,-1.0,-1.8369701987210297e-16,-1.0,-1.8369701987210297e-16,112.0,105.0,119.0,119.35714285714286
2024-09-26,125,20,145,24.4,26.2,78.3,2.6,0,0,0,0,0,3,9,39,24,31,83,0.43388373911755823,-0.900968867902419,-1.0,-1.8369701987210297e-16,-1.0,-1.8369701987210297e-16,92.0,100.0,118.85714285714286,119.78571428571429
2024-09-27,92,15,107,29.8,26.1,79.0,3.5,0,0,0,0,0,4,9,39,23,37,64,-0.433883739117558,-0.9009688679024191,-1.0,-1.8369701987210297e-16,-1.0,-1.8369701987210297e-16,113.0,107.0,123.57142857142857,121.57142857142857
2024-09-28,112,22,134,35.4,26.1,79.7,6.2,0,1,0,0,0,5,9,39,25,35,106,-0.9749279121818236,-0.2225209339563146,-1.0,-1.8369701987210297e-16,-1.0,-1.8369701987210297e-16,126.0,101.0,120.57142857142857,120.5
2024-09-29,126,22,148,53.2,26.3,77.4,9.4,0,1,0,0,0,6,9,39,25,30,93,-0.7818314824680299,0.6234898018587334,-1.0,-1.8369701987210297e-16,-1.0,-1.8369701987210297e-16,129.0,141.0,118.57142857142857,121.28571428571429
2024-09-30,142,25,167,44.9,26.6,72.8,1.7,0,0,1,0,0,0,9,40,23,34,119,0.0,1.0,-1.0,-1.8369701987210297e-16,-0.992708874098054,0.1205366802553232,135.0,136.0,118.14285714285714,120.21428571428571
2024-10-01,120,23,143,42.6,27.4,69.6,0.1,0,0,0,1,0,1,10,40,25,37,111,0.7818314824680298,0.6234898018587336,-0.8660254037844386,0.5000000000000001,-0.992708874098054,0.1205366802553232,126.0,148.0,119.14285714285714,120.64285714285714
2024-10-02,68,12,80,44.2,26.8,75.9,0.4,1,0,0,0,0,2,10,40,22,32,53,0.9749279121818236,-0.22252093395631434,-0.8660254037844386,0.5000000000000001,-0.992708874098054,0.1205366802553232,111.0,112.0,118.28571428571429,118.64285714285714
2024-10-03,102,18,120,43.0,26.7,74.8,1.2,0,0,0,0,0,3,10,40,23,30,68,0.43388373911755823,-0.900968867902419,-0.8660254037844386,0.5000000000000001,-0.992708874098054,0.1205366802553232,125.0,92.0,112.14285714285714,115.5
2024-10-04,93,18,111,32.0,26.5,76.9,13.1,0,0,0,0,0,4,10,40,23,32,68,-0.433883739117558,-0.9009688679024191,-0.8660254037844386,0.5000000000000001,-0.992708874098054,0.1205366802553232,92.0,113.0,108.85714285714286,116.21428571428571
2024-10-05,115,23,138,33.0,24.5,87.2,15.5,0,1,0,0,0,5,10,40,23,28,109,-0.9749279121818236,-0.2225209339563146,-0.8660254037844386,0.5000000000000001,-0.992708874098054,0.1205366802553232,112.0,126.0,109.0,114.78571428571429
2024-10-06,118,23,141,36.0,25.3,83.0,5.0,0,1,0,0,0,6,10,40,25,29,95,-0.7818314824680299,0.6234898018587334,-0.8660254037844386,0.5000000000000001,-0.992708874098054,0.1205366802553232,126.0,129.0,109.42857142857143,114.0
2024-10-07,111,21,132,64.3,25.0,82.7,37.6,0,0,1,0,0,0,10,41,25,30,80,0.0,1.0,-0.8660254037844386,0.5000000000000001,-0.9709418174260521,0.23931566428755738,142.0,135.0,108.28571428571429,113.21428571428571
2024-10-08,102,15,117,71.1,25.3,82.0,10.4,0,0,0,1,0,1,10,41,25,27,64,0.7818314824680298,0.6234898018587336,-0.8660254037844386,0.5000000000000001,-0.9709418174260521,0.23931566428755738,120.0,126.0,103.85714285714286,111.5
2024-10-09,108,18,126,55.8,24.8,87.1,2.4,0,0,0,0,0,2,10,41,23,31,68,0.9749279121818236,-0.22252093395631434,-0.8660254037844386,0.5000000000000001,-0.9709418174260521,0.23931566428755738,68.0,111.0,101.28571428571429,109.78571428571429
2024-10-10,99,17,116,42.2,24.2,86.4,0.5,0,0,0,0,0,3,10,41,24,33,76,0.43388373911755823,-0.900968867902419,-0.8660254037844386,0.5000000000000001,-0.9709418174260521,0.23931566428755738,102.0,125.0,107.0,109.57142857142857
2024-10-11,113,19,132,32.0,24.2,86.2,6.2,0,0,0,0,0,4,10,41,23,30,74,-0.433883739117558,-0.9009688679024191,-0.8660254037844386,0.5000000000000001,-0.9709418174260521,0.23931566428755738,93.0,92.0,106.57142857142857,107.71428571428571
2024-10-12,63,11,74,38.6,24.0,87.9,20.6,1,1,0,0,0,5,10,41,22,29,42,-0.9749279121818236,-0.2225209339563146,-0.8660254037844386,0.5000000000000001,-0.9709418174260521,0.23931566428755738,115.0,112.0,109.42857142857143,109.21428571428571
2024-10-13,129,24,153,51.5,23.7,89.8,7.3,0,1,0,0,0,6,10,41,24,32,94,-0.7818314824680299,0.6234898018587334,-0.8660254037844386,0.5000000000000001,-0.9709418174260521,0.23931566428755738,118.0,126.0,102.0,105.71428571428571
2024-10-14,135,21,156,57.7,23.0,94.6,9.1,0,0,1,0,0,0,10,42,25,33,86,0.0,1.0,-0.8660254037844386,0.5000000000000001,-0.9350162426854148,0.35460488704253557,111.0,142.0,103.57142857142857,105.92857142857143
2024-10-15,125,19,144,48.8,23.1,93.2,18.9,0,0,0,1,0,1,10,42,25,28,89,0.7818314824680298,0.6234898018587336,-0.8660254037844386,0.5000000000000001,-0.9350162426854148,0.35460488704253557,102.0,120.0,107.0,105.42857142857143
2024-10-16,104,20,124,32.7,23.4,91.5,7.9,0,0,0,0,0,2,10,42,24,34,77,0.9749279121818236,-0.22252093395631434,-0.8660254037844386,0.5000000000000001,-0.9350162426854148,0.35460488704253557,108.0,68.0,110.28571428571429,105.78571428571429
2024-10-17,106,18,124,29.8,24.4,86.4,1.6,0,0,0,0,0,3,10,42,24,32,66,0.43388373911755823,-0.900968867902419,-0.8660254037844386,0.5000000000000001,-0.9350162426854148,0.35460488704253557,99.0,102.0,109.71428571428571,108.35714285714286
2024-10-18,119,22,141,27.6,24.9,83.8,0.3,0,0,0,0,0,4,10,42,25,31,106,-0.433883739117558,-0.9009688679024191,-0.8660254037844386,0.5000000000000001,-0.9350162426854148,0.35460488704253557,113.0,93.0,110.71428571428571,108.64285714285714
2024-10-19,115,22,137,39.4,24.2,87.5,1.4,0,1,0,0,0,5,10,42,24,34,81,-0.9749279121818236,-0.2225209339563146,-0.8660254037844386,0.5000000000000001,-0.9350162426854148,0.35460488704253557,63.0,115.0,111.57142857142857,110.5
2024-10-20,123,22,145,48.7,24.9,85.2,0.1,0,1,0,0,0,6,10,42,23,35,90,-0.7818314824680299,0.6234898018587334,-0.8660254037844386,0.5000000000000001,-0.9350162426854148,0.35460488704253557,129.0,118.0,119.0,110.5
2024-10-21,136,22,158,47.9,25.0,85.3,6.2,0,0,1,0,0,0,10,43,23,36,94,0.0,1.0,-0.8660254037844386,0.5000000000000001,-0.8854560256532101,0.464723172043768,135.0,111.0,118.14285714285714,110.85714285714286
2024-10-22,132,26,158,62.8,24.8,86.9,9.0,0,0,0,1,0,1,10,43,25,36,127,0.7818314824680298,0.6234898018587336,-0.8660254037844386,0.5000000000000001,-0.8854560256532101,0.464723172043768,125.0,102.0,118.28571428571429,112.64285714285714
2024-10-23,108,20,128,70.3,24.6,86.3,2.4,0,0,0,0,0,2,10,43,23,34,73,0.9749279121818236,-0.22252093395631434,-0.8660254037844386,0.5000000000000001,-0.8854560256532101,0.464723172043768,104.0,108.0,119.28571428571429,114.78571428571429
2024-10-24,106,17,123,55.3,24.2,87.7,2.1,0,0,0,0,0,3,10,43,25,37,69,0.43388373911755823,-0.900968867902419,-0.8660254037844386,0.5000000000000001,-0.8854560256532101,0.464723172043768,106.0,99.0,119.85714285714286,114.78571428571429
2024-10-25,112,21,133,35.9,24.2,88.0,20.5,0,0,0,0,0,4,10,43,23,33,94,-0.433883739117558,-0.9009688679024191,-0.8660254037844386,0.5000000000000001,-0.8854560256532101,0.464723172043768,119.0,113.0,119.85714285714286,115.28571428571429
2024-10-26,103,19,122,48.7,24.4,85.8,11.2,0,1,0,0,0,5,10,43,24,34,81,-0.9749279121818236,-0.2225209339563146,-0.8660254037844386,0.5000000000000001,-0.8854560256532101,0.464723172043768,115.0,63.0,118.85714285714286,115.21428571428571
2024-10-27,126,24,150,60.2,25.0,78.3,0.0,0,1,0,0,0,6,10,43,25,30,118,-0.7818314824680299,0.6234898018587334,-0.8660254037844386,0.5000000000000001,-0.8854560256532101,0.464723172043768,123.0,129.0,117.14285714285714,118.07142857142857
2024-10-28,120,23,143,73.3,25.1,79.2,0.0,0,0,1,0,0,0,10,44,24,36,111,0.0,1.0,-0.8660254037844386,0.5000000000000001,-0.822983865893657,0.5680647467311548,136.0,135.0,117.57142857142857,117.85714285714286
2024-10-29,132,25,157,82.8,25.2,81.5,0.7,0,0,0,1,0,1,10,44,25,31,89,0.7818314824680298,0.6234898018587336,-0.8660254037844386,0.5000000000000001,-0.822983865893657,0.5680647467311548,132.0,125.0,115.28571428571429,116.78571428571429
2024-10-30,111,20,131,82.4,25.6,80.2,0.5,0,0,0,0,0,2,10,44,23,35,86,0.9749279121818236,-0.22252093395631434,-0.8660254037844386,0.5000000000000001,-0.822983865893657,0.5680647467311548,108.0,104.0,115.28571428571429,117.28571428571429
2024-10-31,104,19,123,91.5,25.9,80.0,5.8,0,0,0,0,0,3,10,44,23,31,90,0.43388373911755823,-0.900968867902419,-0.8660254037844386,0.5000000000000001,-0.822983865893657,0.5680647467311548,106.0,106.0,115.71428571428571,117.78571428571429
2024-11-01,54,11,65,89.8,24.7,85.0,12.7,1,0,0,0,0,4,11,44,22,36,54,-0.433883739117558,-0.9009688679024191,-0.5000000000000004,0.8660254037844384,-0.822983865893657,0.5680647467311548,112.0,119.0,115.42857142857143,117.64285714285714
2024-11-02,93,14,107,65.4,24.1,85.3,33.9,0,1,0,0,0,5,11,44,24,28,70,-0.9749279121818236,-0.2225209339563146,-0.5000000000000004,0.8660254037844384,-0.822983865893657,0.5680647467311548,103.0,115.0,107.14285714285714,113.0
2024-11-03,122,23,145,48.9,24.4,81.0,7.1,0,1,0,0,0,6,11,44,23,31,107,-0.7818314824680299,0.6234898018587334,-0.5000000000000004,0.8660254037844384,-0.822983865893657,0.5680647467311548,126.0,123.0,105.71428571428571,111.42857142857143
2024-11-04,132,23,155,51.1,24.2,83.5,14.0,0,0,1,0,0,0,11,45,24,32,92,0.0,1.0,-0.5000000000000004,0.8660254037844384,-0.7485107481711011,0.6631226582407953,120.0,136.0,105.14285714285714,111.35714285714286
2024-11-05,130,25,155,53.2,24.3,77.8,7.8,0,0,0,1,0,1,11,45,24,29,93,0.7818314824680298,0.6234898018587336,-0.5000000000000004,0.8660254037844384,-0.7485107481711011,0.6631226582407953,132.0,132.0,106.85714285714286,111.07142857142857
2024-11-06,106,18,124,72.7,24.8,74.8,0.1,0,0,0,0,0,2,11,45,24,32,65,0.9749279121818236,-0.22252093395631434,-0.5000000000000004,0.8660254037844384,-0.7485107481711011,0.6631226582407953,111.0,108.0,106.57142857142857,110.92857142857143
2024-11-07,108,17,125,86.4,24.9,82.2,2.4,0,0,0,0,0,3,11,45,25,32,83,0.43388373911755823,-0.900968867902419,-0.5000000000000004,0.8660254037844384,-0.7485107481711011,0.6631226582407953,104.0,106.0,105.85714285714286,110.78571428571429
2024-11-08,100,16,116,60.1,25.5,78.7,0.5,0,0,0,0,0,4,11,45,23,31,71,-0.433883739117558,-0.9009688679024191,-0.5000000000000004,0.8660254037844384,-0.7485107481711011,0.6631226582407953,54.0,112.0,106.42857142857143,110.92857142857143
2024-11-09,127,23,150,59.0,25.1,74.2,0.6,0,1,0,0,0,5,11,45,24,34,104,-0.9749279121818236,-0.2225209339563146,-0.5000000000000004,0.8660254037844384,-0.7485107481711011,0.6631226582407953,93.0,103.0,113.0,110.07142857142857
2024-11-10,114,19,133,59.0,25.0,66.7,0.0,0,1,0,0,0,6,11,45,25,30,79,-0.7818314824680299,0.6234898018587334,-0.5000000000000004,0.8660254037844384,-0.7485107481711011,0.6631226582407953,122.0,126.0,117.85714285714286,111.78571428571429
2024-11-11,136,26,162,73.6,25.2,66.0,0.0,0,0,1,0,0,0,11,46,23,33,110,0.0,1.0,-0.5000000000000004,0.8660254037844384,-0.6631226582407956,0.7485107481711007,132.0,120.0,116.71428571428571,110.92857142857143
2024-11-12,136,24,160,83.3,26.1,69.9,0.6,0,0,0,1,0,1,11,46,24,34,111,0.7818314824680298,0.6234898018587336,-0.5000000000000004,0.8660254037844384,-0.6631226582407956,0.7485107481711007,130.0,132.0,117.28571428571429,112.07142857142857
2024-11-13,101,18,119,74.2,25.5,78.5,1.1,0,0,0,0,0,2,11,46,24,37,76,0.9749279121818236,-0.22252093395631434,-0.5000000000000004,0.8660254037844384,-0.6631226582407956,0.7485107481711007,106.0,111.0,118.14285714285714,112.35714285714286
2024-11-14,92,15,107,51.9,24.7,84.4,12.3,0,0,0,0,0,3,11,46,23,31,53,0.43388373911755823,-0.900968867902419,-0.5000000000000004,0.8660254037844384,-0.6631226582407956,0.7485107481711007,108.0,104.0,117.42857142857143,111.64285714285714
2024-11-15,59,11,70,41.7,24.4,85.5,7.3,1,0,0,0,0,4,11,46,20,29,48,-0.433883739117558,-0.9009688679024191,-0.5000000000000004,0.8660254037844384,-0.6631226582407956,0.7485107481711007,100.0,54.0,115.14285714285714,110.78571428571429
2024-11-16,114,21,135,39.9,23.7,89.4,13.5,0,1,0,0,0,5,11,46,24,30,86,-0.9749279121818236,-0.2225209339563146,-0.5000000000000004,0.8660254037844384,-0.6631226582407956,0.7485107481711007,127.0,93.0,109.28571428571429,111.14285714285714
2024-11-17,118,21,139,47.9,24.2,85.8,18.0,0,1,0,0,0,6,11,46,24,33,100,-0.7818314824680299,0.6234898018587334,-0.5000000000000004,0.8660254037844384,-0.6631226582407956,0.7485107481711007,114.0,122.0,107.42857142857143,112.64285714285714
2024-11-18,126,21,147,76.2,24.5,80.2,0.5,0,0,1,0,0,0,11,47,25,29,92,0.0,1.0,-0.5000000000000004,0.8660254037844384,-0.5680647467311559,0.8229838658936564,136.0,132.0,108.0,112.35714285714286
2024-11-19,145,26,171,111.9,24.9,78.1,1.4,0,0,0,1,0,1,11,47,23,31,125,0.7818314824680298,0.6234898018587336,-0.5000000000000004,0.8660254037844384,-0.5680647467311559,0.8229838658936564,136.0,130.0,106.57142857142857,111.92857142857143
2024-11-20,123,22,145,110.5,23.9,82.5,0.5,0,0,0,0,0,2,11,47,23,33,92,0.9749279121818236,-0.22252093395631434,-0.5000000000000004,0.8660254037844384,-0.5680647467311559,0.8229838658936564,101.0,106.0,107.85714285714286,113.0
2024-11-21,109,21,130,103.5,24.9,78.3,0.8,0,0,0,0,0,3,11,47,23,34,82,0.43388373911755823,-0.900968867902419,-0.5000000000000004,0.8660254037844384,-0.5680647467311559,0.8229838658936564,92.0,108.0,111.0,114.21428571428571
2024-11-22,107,19,126,96.0,24.9,75.9,0.0,0,0,0,0,0,4,11,47,24,32,78,-0.433883739117558,-0.9009688679024191,-0.5000000000000004,0.8660254037844384,-0.5680647467311559,0.8229838658936564,59.0,100.0,113.42857142857143,114.28571428571429
2024-11-23,121,20,141,109.6,25.1,71.2,0.0,0,1,0,0,0,5,11,47,24,31,76,-0.9749279121818236,-0.2225209339563146,-0.5000000000000004,0.8660254037844384,-0.5680647467311559,0.8229838658936564,114.0,127.0,120.28571428571429,114.78571428571429
2024-11-24,118,19,137,103.9,25.9,71.6,0.0,0,1,0,0,0,6,11,47,25,37,67,-0.7818314824680299,0.6234898018587334,-0.5000000000000004,0.8660254037844384,-0.5680647467311559,0.8229838658936564,118.0,114.0,121.28571428571429,114.35714285714286
2024-11-25,130,24,154,88.0,26.0,68.6,0.4,0,0,1,0,0,0,11,48,24,33,86,0.0,1.0,-0.5000000000000004,0.8660254037844384,-0.4647231720437684,0.88545602565321,126.0,136.0,121.28571428571429,114.64285714285714
2024-11-26,117,23,140,92.0,24.8,77.6,20.1,0,0,0,1,0,1,11,48,24,32,96,0.7818314824680298,0.6234898018587336,-0.5000000000000004,0.8660254037844384,-0.4647231720437684,0.88545602565321,145.0,136.0,121.85714285714286,114.21428571428571
2024-11-27,115,22,137,86.0,23.6,84.0,0.3,0,0,0,0,0,2,11,48,24,37,77,0.9749279121818236,-0.22252093395631434,-0.5000000000000004,0.8660254037844384,-0.4647231720437684,0.88545602565321,123.0,101.0,117.85714285714286,112.85714285714286
2024-11-28,106,19,125,109.2,25.3,73.6,0.0,0,0,0,0,0,3,11,48,25,30,85,0.43388373911755823,-0.900968867902419,-0.5000000000000004,0.8660254037844384,-0.4647231720437684,0.88545602565321,109.0,92.0,116.71428571428571,113.85714285714286
2024-11-29,103,20,123,119.0,24.4,78.1,0.0,0,0,0,0,0,4,11,48,23,33,79,-0.433883739117558,-0.9009688679024191,-0.5000000000000004,0.8660254037844384,-0.4647231720437684,0.88545602565321,107.0,59.0,116.28571428571429,114.85714285714286
2024-11-30,136,22,158,93.5,24.7,77.6,0.2,0,1,0,0,0,5,11,48,23,29,100,-0.9749279121818236,-0.2225209339563146,-0.5000000000000004,0.8660254037844384,-0.4647231720437684,0.88545602565321,121.0,114.0,115.71428571428571,118.0
2024-12-01,135,24,159,78.8,24.3,89.9,26.2,0,1,0,0,0,6,12,48,24,36,113,-0.7818314824680299,0.6234898018587334,-2.4492935982947064e-16,1.0,-0.4647231720437684,0.88545602565321,118.0,118.0,117.85714285714286,119.57142857142857
2024-12-02,178,31,209,64.1,23.3,91.8,1.1,0,0,1,0,0,0,12,49,25,35,110,0.0,1.0,-2.4492935982947064e-16,1.0,-0.35460488704253595,0.9350162426854147,130.0,126.0,120.28571428571429,120.78571428571429
2024-12-03,140,24,164,43.6,24.4,86.8,2.0,0,0,0,1,0,1,12,49,23,33,114,0.7818314824680298,0.6234898018587336,-2.4492935982947064e-16,1.0,-0.35460488704253595,0.9350162426854147,117.0,145.0,127.14285714285714,124.5
2024-12-04,146,29,175,71.3,25.2,76.5,0.9,0,0,0,0,0,2,12,49,23,33,143,0.9749279121818236,-0.22252093395631434,-2.4492935982947064e-16,1.0,-0.35460488704253595,0.9350162426854147,115.0,123.0,130.42857142857142,124.14285714285714
2024-12-05,120,24,144,76.9,25.2,78.5,1.0,0,0,0,0,0,3,12,49,25,42,119,0.43388373911755823,-0.900968867902419,-2.4492935982947064e-16,1.0,-0.35460488704253595,0.9350162426854147,106.0,109.0,134.85714285714286,125.78571428571429
2024-12-06,134,26,160,68.7,25.7,75.5,0.2,0,0,0,0,0,4,12,49,25,40,107,-0.433883739117558,-0.9009688679024191,-2.4492935982947064e-16,1.0,-0.35460488704253595,0.9350162426854147,103.0,107.0,136.85714285714286,126.57142857142857
2024-12-07,148,28,176,71.4,26.1,74.7,8.7,0,1,0,0,0,5,12,49,24,36,129,-0.9749279121818236,-0.2225209339563146,-2.4492935982947064e-16,1.0,-0.35460488704253595,0.9350162426854147,136.0,121.0,141.28571428571428,128.5
2024-12-08,165,29,194,72.7,26.0,68.4,0.1,0,1,0,0,0,6,12,49,25,39,133,-0.7818314824680299,0.6234898018587334,-2.4492935982947064e-16,1.0,-0.35460488704253595,0.9350162426854147,135.0,118.0,143.0,130.42857142857142
2024-12-09,170,27,197,80.8,26.8,63.6,0.1,0,0,1,0,0,0,12,50,25,42,133,0.0,1.0,-2.4492935982947064e-16,1.0,-0.2393156642875578,0.970941817426052,178.0,130.0,147.28571428571428,133.78571428571428
2024-12-10,148,29,177,115.1,26.7,65.5,1.9,0,0,0,1,0,1,12,50,23,40,112,0.7818314824680298,0.6234898018587336,-2.4492935982947064e-16,1.0,-0.2393156642875578,0.970941817426052,140.0,117.0,146.14285714285714,136.64285714285714
2024-12-11,121,20,141,115.0,26.2,63.6,0.0,0,0,0,0,0,2,12,50,25,44,100,0.9749279121818236,-0.22252093395631434,-2.4492935982947064e-16,1.0,-0.2393156642875578,0.970941817426052,146.0,115.0,147.28571428571428,138.85714285714286
2024-12-12,103,17,120,93.5,23.7,86.6,14.0,0,0,0,0,0,3,12,50,24,37,79,0.43388373911755823,-0.900968867902419,-2.4492935982947064e-16,1.0,-0.2393156642875578,0.970941817426052,120.0,106.0,143.71428571428572,139.28571428571428
2024-12-13,111,21,132,44.3,23.1,88.9,6.4,0,0,0,0,0,4,12,50,24,40,100,-0.433883739117558,-0.9009688679024191,-2.4492935982947064e-16,1.0,-0.2393156642875578,0.970941817426052,134.0,103.0,141.28571428571428,139.07142857142858
2024-12-14,139,25,164,67.0,23.2,81.7,2.8,0,1,0,0,0,5,12,50,24,36,106,-0.9749279121818236,-0.2225209339563146,-2.4492935982947064e-16,1.0,-0.2393156642875578,0.970941817426052,148.0,136.0,138.0,139.64285714285714
2024-12-15,145,27,172,115.2,23.1,76.1,0.0,0,1,0,0,0,6,12,50,25,35,106,-0.7818314824680299,0.6234898018587334,-2.4492935982947064e-16,1.0,-0.2393156642875578,0.970941817426052,165.0,135.0,136.71428571428572,139.85714285714286
2024-12-16,156,27,183,92.3,23.0,72.8,0.0,0,0,1,0,0,0,12,51,23,38,96,0.0,1.0,-2.4492935982947064e-16,1.0,-0.12053668025532363,0.992708874098054,170.0,178.0,133.85714285714286,140.57142857142858
2024-12-17,147,27,174,118.6,24.4,67.5,0.0,0,0,0,1,0,1,12,51,23,34,95,0.7818314824680298,0.6234898018587336,-2.4492935982947064e-16,1.0,-0.12053668025532363,0.992708874098054,148.0,140.0,131.85714285714286,139.0
2024-12-18,127,22,149,113.4,25.1,69.6,0.0,0,0,0,0,0,2,12,51,23,40,95,0.9749279121818236,-0.22252093395631434,-2.4492935982947064e-16,1.0,-0.12053668025532363,0.992708874098054,121.0,146.0,131.71428571428572,139.5
2024-12-19,128,22,150,108.0,26.0,71.8,0.1,0,0,0,0,0,3,12,51,24,36,91,0.43388373911755823,-0.900968867902419,-2.4492935982947064e-16,1.0,-0.12053668025532363,0.992708874098054,103.0,120.0,132.57142857142858,138.14285714285714
2024-12-20,124,24,148,97.2,26.2,73.6,0.0,0,0,0,0,0,4,12,51,25,34,111,-0.433883739117558,-0.9009688679024191,-2.4492935982947064e-16,1.0,-0.12053668025532363,0.992708874098054,111.0,134.0,136.14285714285714,138.71428571428572
2024-12-21,151,27,178,99.0,26.4,70.6,0.1,0,1,0,0,0,5,12,51,24,43,134,-0.9749279121818236,-0.2225209339563146,-2.4492935982947064e-16,1.0,-0.12053668025532363,0.992708874098054,139.0,148.0,138.0,138.0
2024-12-22,140,25,165,118.1,26.4,69.0,0.5,0,1,0,0,0,6,12,51,25,36,125,-0.7818314824680299,0.6234898018587334,-2.4492935982947064e-16,1.0,-0.12053668025532363,0.992708874098054,145.0,165.0,139.71428571428572,138.21428571428572
2024-12-23,148,28,176,89.9,25.5,62.0,0.0,0,0,1,0,0,0,12,52,24,38,118,0.0,1.0,-2.4492935982947064e-16,1.0,6.432490598706546e-16,1.0,156.0,170.0,139.0,136.42857142857142
2024-12-24,171,27,198,79.5,25.4,64.6,0.0,0,0,0,1,0,1,12,52,25,35,105,0.7818314824680298,0.6234898018587336,-2.4492935982947064e-16,1.0,6.432490598706546e-16,1.0,147.0,148.0,137.85714285714286,134.85714285714286
2024-12-25,70,12,82,85.9,26.1,63.3,0.0,1,0,0,0,0,2,12,52,22,45,51,0.9749279121818236,-0.22252093395631434,-2.4492935982947064e-16,1.0,6.432490598706546e-16,1.0,127.0,121.0,141.28571428571428,136.5
2024-12-26,155,30,185,122.8,26.1,70.1,3.2,0,0,0,0,0,3,12,52,23,37,143,0.43388373911755823,-0.900968867902419,-2.4492935982947064e-16,1.0,6.432490598706546e-16,1.0,128.0,103.0,133.14285714285714,132.85714285714286
2024-12-27,126,20,146,58.2,24.1,83.4,18.1,0,0,0,0,0,4,12,52,23,37,71,-0.433883739117558,-0.9009688679024191,-2.4492935982947064e-16,1.0,6.432490598706546e-16,1.0,124.0,111.0,137.0,136.57142857142858
2024-12-28,156,29,185,49.5,24.2,78.2,1.3,0,1,0,0,0,5,12,52,24,36,113,-0.9749279121818236,-0.2225209339563146,-2.4492935982947064e-16,1.0,6.432490598706546e-16,1.0,151.0,139.0,137.28571428571428,137.64285714285714
2024-12-29,155,29,184,75.0,24.6,74.6,2.5,0,1,0,0,0,6,12,52,25,39,117,-0.7818314824680299,0.6234898018587334,-2.4492935982947064e-16,1.0,6.432490598706546e-16,1.0,140.0,145.0,138.0,138.85714285714286
2024-12-30,176,28,204,70.9,24.4,77.8,3.5,0,0,1,0,0,0,12,1,24,44,100,0.0,1.0,-2.4492935982947064e-16,1.0,0.12053668025532305,0.992708874098054,148.0,156.0,140.14285714285714,139.57142857142858
2024-12-31,169,27,196,68.5,24.6,74.4,0.8,0,0,0,1,0,1,12,1,24,44,100,0.7818314824680298,0.6234898018587336,-2.4492935982947064e-16,1.0,0.12053668025532305,0.992708874098054,171.0,147.0,144.14285714285714,141.0
2025-01-01,74,13,87,71.2,23.9,68.7,0.0,1,0,0,0,0,2,1,1,21,43,65,0.9749279121818236,-0.22252093395631434,0.49999999999999994,0.8660254037844387,0.12053668025532305,0.992708874098054,70.0,127.0,143.85714285714286,142.57142857142858
2025-01-02,149,26,175,85.2,23.5,69.9,0.3,0,0,0,0,1,3,1,1,25,38,115,0.43388373911755823,-0.900968867902419,0.49999999999999994,0.8660254037844387,0.12053668025532305,0.992708874098054,155.0,128.0,144.42857142857142,138.78571428571428
2025-01-03,143,22,165,108.6,23.6,65.0,0.0,0,0,0,0,1,4,1,1,25,37,86,-0.433883739117558,-0.9009688679024191,0.49999999999999994,0.8660254037844387,0.12053668025532305,0.992708874098054,126.0,124.0,143.57142857142858,140.28571428571428
2025-01-04,157,27,184,107.6,23.3,66.4,0.0,0,1,0,0,1,5,1,1,23,40,108,-0.9749279121818236,-0.2225209339563146,0.49999999999999994,0.8660254037844387,0.12053668025532305,0.992708874098054,156.0,151.0,146.0,141.64285714285714
2025-01-05,176,28,204,111.2,23.7,65.1,0.0,0,1,0,0,1,6,1,1,24,44,137,-0.7818314824680299,0.6234898018587334,0.49999999999999994,0.8660254037844387,0.12053668025532305,0.992708874098054,155.0,140.0,146.14285714285714,142.07142857142858
2025-01-06,189,36,225,113.2,23.7,63.2,0.1,0,0,1,0,1,0,1,2,25,45,172,0.0,1.0,0.49999999999999994,0.8660254037844387,0.23931566428755774,0.970941817426052,176.0,148.0,149.14285714285714,144.64285714285714
2025-01-07,194,37,231,120.0,24.2,62.6,0.0,0,0,0,1,1,1,1,2,23,41,135,0.7818314824680298,0.6234898018587336,0.49999999999999994,0.8660254037844387,0.23931566428755774,0.970941817426052,169.0,171.0,151.0,147.57142857142858
2025-01-08,150,27,177,101.6,24.6,69.8,0.3,0,0,0,0,1,2,1,2,25,39,126,0.9749279121818236,-0.22252093395631434,0.49999999999999994,0.8660254037844387,0.23931566428755774,0.970941817426052,74.0,70.0,154.57142857142858,149.21428571428572
2025-01-09,150,23,173,108.8,23.5,65.2,0.0,0,0,0,0,1,3,1,2,25,45,82,0.43388373911755823,-0.900968867902419,0.49999999999999994,0.8660254037844387,0.23931566428755774,0.970941817426052,149.0,155.0,165.42857142857142,154.92857142857142
2025-01-10,154,26,180,112.7,24.4,68.6,0.2,0,0,0,0,1,4,1,2,24,52,102,-0.433883739117558,-0.9009688679024191,0.49999999999999994,0.8660254037844387,0.23931566428755774,0.970941817426052,143.0,126.0,165.57142857142858,154.57142857142858
2025-01-11,189,33,222,113.5,24.8,72.1,0.0,0,1,0,0,1,5,1,2,24,47,140,-0.9749279121818236,-0.2225209339563146,0.49999999999999994,0.8660254037844387,0.23931566428755774,0.970941817426052,157.0,156.0,167.14285714285714,156.57142857142858
2025-01-12,167,29,196,104.8,25.1,71.0,0.2,0,1,0,0,1,6,1,2,23,53,113,-0.7818314824680299,0.6234898018587334,0.49999999999999994,0.8660254037844387,0.23931566428755774,0.970941817426052,176.0,155.0,171.71428571428572,158.92857142857142
2025-01-13,188,30,218,72.3,24.9,76.1,17.7,0,0,1,0,1,0,1,3,24,49,142,0.0,1.0,0.49999999999999994,0.8660254037844387,0.3546048870425356,0.9350162426854148,189.0,176.0,170.42857142857142,159.78571428571428
2025-01-14,96,17,113,55.5,23.8,82.5,13.3,1,0,0,1,1,1,1,3,20,51,61,0.7818314824680298,0.6234898018587336,0.49999999999999994,0.8660254037844387,0.3546048870425356,0.9350162426854148,194.0,169.0,170.28571428571428,160.64285714285714
2025-01-15,87,15,102,61.6,23.8,79.9,1.5,1,0,0,0,1,2,1,3,20,42,55,0.9749279121818236,-0.22252093395631434,0.49999999999999994,0.8660254037844387,0.3546048870425356,0.9350162426854148,150.0,74.0,156.28571428571428,155.42857142857142
2025-01-16,139,22,161,69.6,23.7,73.2,0.0,0,0,0,0,0,3,1,3,24,40,96,0.43388373911755823,-0.900968867902419,0.49999999999999994,0.8660254037844387,0.3546048870425356,0.9350162426854148,150.0,149.0,147.28571428571428,156.35714285714286
2025-01-17,127,20,147,97.5,23.5,72.7,0.0,0,0,0,0,0,4,1,3,25,37,84,-0.433883739117558,-0.9009688679024191,0.49999999999999994,0.8660254037844387,0.3546048870425356,0.9350162426854148,154.0,143.0,145.71428571428572,155.64285714285714
2025-01-18,160,31,191,118.5,23.6,71.5,1.1,0,1,0,0,0,5,1,3,25,36,114,-0.9749279121818236,-0.2225209339563146,0.49999999999999994,0.8660254037844387,0.3546048870425356,0.9350162426854148,189.0,157.0,141.85714285714286,154.5
2025-01-19,143,24,167,89.9,22.7,86.5,13.9,0,1,0,0,0,6,1,3,25,39,91,-0.7818314824680299,0.6234898018587334,0.49999999999999994,0.8660254037844387,0.3546048870425356,0.9350162426854148,167.0,176.0,137.71428571428572,154.71428571428572
2025-01-20,171,32,203,62.5,24.3,76.7,0.0,0,0,1,0,0,0,1,4,24,34,114,0.0,1.0,0.49999999999999994,0.8660254037844387,0.4647231720437685,0.8854560256532099,188.0,189.0,134.28571428571428,152.35714285714286
2025-01-21,181,33,214,89.4,23.3,67.6,0.0,0,0,0,1,0,1,1,4,25,34,153,0.7818314824680298,0.6234898018587336,0.49999999999999994,0.8660254037844387,0.4647231720437685,0.8854560256532099,96.0,194.0,131.85714285714286,151.07142857142858
2025-01-22,135,22,157,93.2,23.9,70.1,0.0,0,0,0,0,0,2,1,4,25,40,95,0.9749279121818236,-0.22252093395631434,0.49999999999999994,0.8660254037844387,0.4647231720437685,0.8854560256532099,87.0,150.0,144.0,150.14285714285714
2025-01-23,118,20,138,88.7,24.5,72.4,0.3,0,0,0,0,0,3,1,4,24,40,76,0.43388373911755823,-0.900968867902419,0.49999999999999994,0.8660254037844387,0.4647231720437685,0.8854560256532099,139.0,150.0,150.85714285714286,149.07142857142858
2025-01-24,124,21,145,91.6,24.1,68.2,0.1,0,0,0,0,0,4,1,4,24,41,90,-0.433883739117558,-0.9009688679024191,0.49999999999999994,0.8660254037844387,0.4647231720437685,0.8854560256532099,127.0,154.0,147.85714285714286,146.78571428571428
2025-01-25,154,28,182,76.8,24.6,65.4,0.0,0,1,0,0,0,5,1,4,23,47,136,-0.9749279121818236,-0.2225209339563146,0.49999999999999994,0.8660254037844387,0.4647231720437685,0.8854560256532099,160.0,189.0,147.42857142857142,144.64285714285714
2025-01-26,79,14,93,83.7,25.1,59.0,0.0,1,1,0,0,0,6,1,4,21,44,70,-0.7818314824680299,0.6234898018587334,0.49999999999999994,0.8660254037844387,0.4647231720437685,0.8854560256532099,143.0,167.0,146.57142857142858,142.14285714285714
2025-01-27,182,32,214,86.9,24.3,60.3,0.0,0,0,1,0,0,0,1,5,25,36,136,0.0,1.0,0.49999999999999994,0.8660254037844387,0.5680647467311558,0.8229838658936564,171.0,188.0,137.42857142857142,135.85714285714286
2025-01-28,147,27,174,97.3,24.5,61.8,0.0,0,0,0,1,0,1,1,5,25,41,125,0.7818314824680298,0.6234898018587336,0.49999999999999994,0.8660254037844387,0.5680647467311558,0.8229838658936564,181.0,96.0,139.0,135.42857142857142
2025-01-29,163,29,192,123.0,25.3,61.4,0.0,0,0,0,0,0,2,1,5,23,36,130,0.9749279121818236,-0.22252093395631434,0.49999999999999994,0.8660254037844387,0.5680647467311558,0.8229838658936564,135.0,87.0,134.14285714285714,139.07142857142858
2025-01-30,119,20,139,115.5,26.2,63.8,0.0,0,0,0,0,0,3,1,5,25,41,76,0.43388373911755823,-0.900968867902419,0.49999999999999994,0.8660254037844387,0.5680647467311558,0.8229838658936564,118.0,139.0,138.14285714285714,144.5
2025-01-31,120,23,143,80.8,27.1,67.7,0.6,0,0,0,0,0,4,1,5,23,37,114,-0.433883739117558,-0.9009688679024191,0.49999999999999994,0.8660254037844387,0.5680647467311558,0.8229838658936564,124.0,127.0,138.28571428571428,143.07142857142858
2025-02-01,140,23,163,70.5,27.0,60.6,1.2,0,1,0,0,0,5,2,5,23,37,82,-0.9749279121818236,-0.2225209339563146,0.8660254037844386,0.5000000000000001,0.5680647467311558,0.8229838658936564,154.0,160.0,137.71428571428572,142.57142857142858
2025-02-02,146,22,168,75.8,27.3,58.0,0.0,0,1,0,0,0,6,2,5,25,41,102,-0.7818314824680299,0.6234898018587334,0.8660254037844386,0.5000000000000001,0.5680647467311558,0.8229838658936564,79.0,143.0,135.71428571428572,141.14285714285714
2025-02-03,141,24,165,77.2,26.7,54.5,0.1,0,0,1,0,0,0,2,6,25,40,103,0.0,1.0,0.8660254037844386,0.5000000000000001,0.6631226582407952,0.7485107481711011,182.0,171.0,145.28571428571428,141.35714285714286
2025-02-04,168,33,201,76.7,27.1,43.6,0.0,0,0,0,1,0,1,2,6,25,45,135,0.7818314824680298,0.6234898018587336,0.8660254037844386,0.5000000000000001,0.6631226582407952,0.7485107481711011,147.0,181.0,139.42857142857142,139.21428571428572
2025-02-05,126,21,147,87.3,26.8,45.0,0.0,0,0,0,0,0,2,2,6,23,37,98,0.9749279121818236,-0.22252093395631434,0.8660254037844386,0.5000000000000001,0.6631226582407952,0.7485107481711011,163.0,135.0,142.42857142857142,138.28571428571428
2025-02-06,125,19,144,96.9,26.2,51.4,0.0,0,0,0,0,0,3,2,6,23,35,69,0.43388373911755823,-0.900968867902419,0.8660254037844386,0.5000000000000001,0.6631226582407952,0.7485107481711011,119.0,118.0,137.14285714285714,137.64285714285714
2025-02-07,101,16,117,81.7,26.2,47.5,0.0,0,0,0,0,0,4,2,6,24,36,70,-0.433883739117558,-0.9009688679024191,0.8660254037844386,0.5000000000000001,0.6631226582407952,0.7485107481711011,120.0,124.0,138.0,138.14285714285714
2025-02-08,162,27,189,78.5,26.3,47.8,0.0,0,1,0,0,0,5,2,6,23,42,112,-0.9749279121818236,-0.2225209339563146,0.8660254037844386,0.5000000000000001,0.6631226582407952,0.7485107481711011,140.0,154.0,135.28571428571428,136.5
2025-02-09,159,27,186,117.3,26.7,51.3,0.0,0,1,0,0,0,6,2,6,23,40,97,-0.7818314824680299,0.6234898018587334,0.8660254037844386,0.5000000000000001,0.6631226582407952,0.7485107481711011,146.0,79.0,138.42857142857142,137.07142857142858
2025-02-10,191,31,222,125.8,26.5,53.5,0.0,0,0,1,0,0,0,2,7,23,42,149,0.0,1.0,0.8660254037844386,0.5000000000000001,0.7485107481711011,0.6631226582407953,141.0,182.0,140.28571428571428,142.78571428571428
2025-02-11,177,27,204,120.5,26.2,52.0,0.0,0,0,0,1,0,1,2,7,23,46,104,0.7818314824680298,0.6234898018587336,0.8660254037844386,0.5000000000000001,0.7485107481711011,0.6631226582407953,168.0,147.0,147.42857142857142,143.42857142857142
2025-02-12,133,25,158,87.2,26.8,52.0,0.0,0,0,0,0,0,2,2,7,23,42,125,0.9749279121818236,-0.22252093395631434,0.8660254037844386,0.5000000000000001,0.7485107481711011,0.6631226582407953,126.0,163.0,148.71428571428572,145.57142857142858
2025-02-13,128,20,148,80.8,27.5,45.6,0.0,0,0,0,0,0,3,2,7,24,42,97,0.43388373911755823,-0.900968867902419,0.8660254037844386,0.5000000000000001,0.7485107481711011,0.6631226582407953,125.0,119.0,149.71428571428572,143.42857142857142
2025-02-14,135,22,157,77.1,27.7,36.2,0.0,0,0,0,0,0,4,2,7,23,42,94,-0.433883739117558,-0.9009688679024191,0.8660254037844386,0.5000000000000001,0.7485107481711011,0.6631226582407953,101.0,120.0,150.14285714285714,144.07142857142858
2025-02-15,161,27,188,93.7,27.6,48.4,0.0,0,1,0,0,0,5,2,7,24,41,109,-0.9749279121818236,-0.2225209339563146,0.8660254037844386,0.5000000000000001,0.7485107481711011,0.6631226582407953,162.0,140.0,155.0,145.14285714285714
2025-02-16,127,23,150,94.3,27.6,41.1,0.0,0,1,0,0,0,6,2,7,24,40,110,-0.7818314824680299,0.6234898018587334,0.8660254037844386,0.5000000000000001,0.7485107481711011,0.6631226582407953,159.0,146.0,154.85714285714286,146.64285714285714
2025-02-17,164,25,189,82.9,26.9,52.1,0.0,0,0,1,0,0,0,2,8,25,38,116,0.0,1.0,0.8660254037844386,0.5000000000000001,0.8229838658936564,0.5680647467311558,191.0,141.0,150.28571428571428,145.28571428571428
2025-02-18,173,32,205,89.8,27.1,49.2,0.0,0,0,0,1,0,1,2,8,25,37,148,0.7818314824680298,0.6234898018587336,0.8660254037844386,0.5000000000000001,0.8229838658936564,0.5680647467311558,177.0,168.0,146.42857142857142,146.92857142857142
2025-02-19,124,22,146,89.2,27.9,43.7,0.0,0,0,0,0,0,2,2,8,24,47,86,0.9749279121818236,-0.22252093395631434,0.8660254037844386,0.5000000000000001,0.8229838658936564,0.5680647467311558,133.0,126.0,145.85714285714286,147.28571428571428
2025-02-20,134,24,158,93.1,27.9,48.8,0.0,0,0,0,0,0,3,2,8,23,42,111,0.43388373911755823,-0.900968867902419,0.8660254037844386,0.5000000000000001,0.8229838658936564,0.5680647467311558,128.0,125.0,144.57142857142858,147.14285714285714
2025-02-21,127,21,148,91.0,28.1,49.5,0.0,0,0,0,0,0,4,2,8,25,42,83,-0.433883739117558,-0.9009688679024191,0.8660254037844386,0.5000000000000001,0.8229838658936564,0.5680647467311558,135.0,101.0,145.42857142857142,147.78571428571428
2025-02-22,163,30,193,81.2,27.9,51.8,0.0,0,1,0,0,0,5,2,8,24,46,129,-0.9749279121818236,-0.2225209339563146,0.8660254037844386,0.5000000000000001,0.8229838658936564,0.5680647467311558,161.0,162.0,144.28571428571428,149.64285714285714
2025-02-23,164,27,191,85.2,28.6,45.4,0.0,0,1,0,0,0,6,2,8,24,41,97,-0.7818314824680299,0.6234898018587334,0.8660254037844386,0.5000000000000001,0.8229838658936564,0.5680647467311558,127.0,159.0,144.57142857142858,149.71428571428572
2025-02-24,159,25,184,80.8,28.2,42.0,0.0,0,0,1,0,0,0,2,9,25,45,121,0.0,1.0,0.8660254037844386,0.5000000000000001,0.8854560256532098,0.4647231720437686,164.0,191.0,149.85714285714286,150.07142857142858
2025-02-25,166,31,197,71.8,27.7,51.2,0.0,0,0,0,1,0,1,2,9,23,44,144,0.7818314824680298,0.6234898018587336,0.8660254037844386,0.5000000000000001,0.8854560256532098,0.4647231720437686,173.0,177.0,149.14285714285714,147.78571428571428
2025-02-26,142,25,167,75.5,28.2,47.8,0.0,0,0,0,0,0,2,2,9,25,40,123,0.9749279121818236,-0.22252093395631434,0.8660254037844386,0.5000000000000001,0.8854560256532098,0.4647231720437686,124.0,133.0,148.14285714285714,147.0
2025-02-27,136,23,159,70.0,28.3,44.9,0.0,0,0,0,0,0,3,2,9,25,46,115,0.43388373911755823,-0.900968867902419,0.8660254037844386,0.5000000000000001,0.8854560256532098,0.4647231720437686,134.0,128.0,150.71428571428572,147.64285714285714
2025-02-28,110,19,129,60.8,27.7,59.4,0.8,0,0,0,0,0,4,2,9,25,43,68,-0.433883739117558,-0.9009688679024191,0.8660254037844386,0.5000000000000001,0.8854560256532098,0.4647231720437686,127.0,135.0,151.0,148.21428571428572
2025-03-01,120,22,142,57.8,27.2,67.6,3.5,0,1,0,0,0,5,3,9,24,44,101,-0.9749279121818236,-0.2225209339563146,1.0,6.123233995736766e-17,0.8854560256532098,0.4647231720437686,163.0,161.0,148.57142857142858,146.42857142857142
2025-03-02,121,22,143,60.4,26.4,72.3,2.4,0,1,0,0,0,6,3,9,23,41,80,-0.7818314824680299,0.6234898018587334,1.0,6.123233995736766e-17,0.8854560256532098,0.4647231720437686,164.0,127.0,142.42857142857142,143.5
2025-03-03,132,26,158,73.2,27.1,65.7,2.4,0,0,1,0,0,0,3,10,24,41,95,0.0,1.0,1.0,6.123233995736766e-17,0.9350162426854148,0.35460488704253557,159.0,164.0,136.28571428571428,143.07142857142858
2025-03-04,119,22,141,93.7,28.8,49.8,0.0,0,0,0,1,0,1,3,10,24,41,97,0.7818314824680298,0.6234898018587336,1.0,6.123233995736766e-17,0.9350162426854148,0.35460488704253557,166.0,173.0,132.42857142857142,140.78571428571428
2025-03-05,108,21,129,86.5,29.3,44.2,0.0,0,0,0,0,0,2,3,10,24,38,90,0.9749279121818236,-0.22252093395631434,1.0,6.123233995736766e-17,0.9350162426854148,0.35460488704253557,142.0,124.0,125.71428571428571,136.92857142857142
2025-03-06,102,16,118,91.9,29.6,52.8,0.0,0,0,0,0,0,3,3,10,23,32,79,0.43388373911755823,-0.900968867902419,1.0,6.123233995736766e-17,0.9350162426854148,0.35460488704253557,136.0,134.0,120.85714285714286,135.78571428571428
2025-03-07,119,18,137,102.9,29.1,52.8,0.0,0,0,0,0,0,4,3,10,24,32,85,-0.433883739117558,-0.9009688679024191,1.0,6.123233995736766e-17,0.9350162426854148,0.35460488704253557,110.0,127.0,116.0,133.5
2025-03-08,123,23,146,115.8,29.1,56.2,0.0,0,1,0,0,0,5,3,10,25,30,114,-0.9749279121818236,-0.2225209339563146,1.0,6.123233995736766e-17,0.9350162426854148,0.35460488704253557,120.0,163.0,117.28571428571429,132.92857142857142
2025-03-09,137,27,164,122.8,29.4,50.7,0.0,0,1,0,0,0,6,3,10,24,34,117,-0.7818314824680299,0.6234898018587334,1.0,6.123233995736766e-17,0.9350162426854148,0.35460488704253557,121.0,164.0,117.71428571428571,130.07142857142858
2025-03-10,141,25,166,90.4,27.9,49.7,0.0,0,0,1,0,0,0,3,11,24,30,123,0.0,1.0,1.0,6.123233995736766e-17,0.970941817426052,0.23931566428755804,132.0,159.0,120.0,128.14285714285714
2025-03-11,119,23,142,74.5,25.4,73.2,17.2,0,0,0,1,0,1,3,11,25,38,99,0.7818314824680298,0.6234898018587336,1.0,6.123233995736766e-17,0.970941817426052,0.23931566428755804,119.0,166.0,121.28571428571429,126.85714285714286
2025-03-12,97,15,112,59.5,25.0,80.1,16.1,0,0,0,0,0,2,3,11,25,31,71,0.9749279121818236,-0.22252093395631434,1.0,6.123233995736766e-17,0.970941817426052,0.23931566428755804,108.0,142.0,121.28571428571429,123.5
2025-03-13,94,17,111,65.3,26.7,73.0,0.0,0,0,0,0,0,3,3,11,23,32,64,0.43388373911755823,-0.900968867902419,1.0,6.123233995736766e-17,0.970941817426052,0.23931566428755804,102.0,136.0,119.71428571428571,120.28571428571429
2025-03-14,113,20,133,82.3,27.5,62.5,0.0,0,0,0,0,0,4,3,11,24,37,97,-0.433883739117558,-0.9009688679024191,1.0,6.123233995736766e-17,0.970941817426052,0.23931566428755804,119.0,110.0,118.57142857142857,117.28571428571429
2025-03-15,122,22,144,76.0,27.6,51.8,0.0,0,1,0,0,0,5,3,11,23,35,98,-0.9749279121818236,-0.2225209339563146,1.0,6.123233995736766e-17,0.970941817426052,0.23931566428755804,123.0,120.0,117.71428571428571,117.5
2025-03-16,125,25,150,64.4,27.4,62.2,4.8,0,1,0,0,0,6,3,11,23,34,102,-0.7818314824680299,0.6234898018587334,1.0,6.123233995736766e-17,0.970941817426052,0.23931566428755804,137.0,121.0,117.57142857142857,117.64285714285714
2025-03-17,131,23,154,65.2,27.1,76.4,0.6,0,0,1,0,0,0,3,12,25,33,92,0.0,1.0,1.0,6.123233995736766e-17,0.992708874098054,0.120536680255323,141.0,132.0,115.85714285714286,117.92857142857143
2025-03-18,131,22,153,79.0,28.2,67.5,0.2,0,0,0,1,0,1,3,12,24,36,88,0.7818314824680298,0.6234898018587336,1.0,6.123233995736766e-17,0.992708874098054,0.120536680255323,119.0,119.0,114.42857142857143,117.85714285714286
2025-03-19,111,19,130,63.3,29.1,59.9,0.0,0,0,0,0,0,2,3,12,23,34,94,0.9749279121818236,-0.22252093395631434,1.0,6.123233995736766e-17,0.992708874098054,0.120536680255323,97.0,108.0,116.14285714285714,118.71428571428571
2025-03-20,111,17,128,48.2,29.1,52.4,0.0,0,0,0,0,0,3,3,12,23,32,60,0.43388373911755823,-0.900968867902419,1.0,6.123233995736766e-17,0.992708874098054,0.120536680255323,94.0,102.0,118.14285714285714,118.92857142857143
2025-03-21,115,22,137,44.3,28.5,60.6,3.2,0,0,0,0,0,4,3,12,24,35,97,-0.433883739117558,-0.9009688679024191,1.0,6.123233995736766e-17,0.992708874098054,0.120536680255323,113.0,119.0,120.57142857142857,119.57142857142857
2025-03-22,121,22,143,57.3,26.6,76.6,12.6,0,1,0,0,0,5,3,12,24,39,95,-0.9749279121818236,-0.2225209339563146,1.0,6.123233995736766e-17,0.992708874098054,0.120536680255323,122.0,123.0,120.85714285714286,119.28571428571429
2025-03-23,125,23,148,63.0,26.2,76.5,18.7,0,1,0,0,0,6,3,12,23,36,110,-0.7818314824680299,0.6234898018587334,1.0,6.123233995736766e-17,0.992708874098054,0.120536680255323,125.0,137.0,120.71428571428571,119.14285714285714
2025-03-24,138,21,159,80.5,27.1,69.5,0.4,0,0,1,0,0,0,3,13,24,37,80,0.0,1.0,1.0,6.123233995736766e-17,1.0,-1.6081226496766366e-16,131.0,141.0,120.71428571428571,118.28571428571429
2025-03-25,124,21,145,92.4,27.9,62.2,0.0,0,0,0,1,0,1,3,13,23,32,88,0.7818314824680298,0.6234898018587336,1.0,6.123233995736766e-17,1.0,-1.6081226496766366e-16,131.0,119.0,121.71428571428571,118.07142857142857
2025-03-26,107,21,128,104.2,28.0,64.5,0.0,0,0,0,0,0,2,3,13,25,36,83,0.9749279121818236,-0.22252093395631434,1.0,6.123233995736766e-17,1.0,-1.6081226496766366e-16,111.0,97.0,120.71428571428571,118.42857142857143
2025-03-27,103,18,121,101.7,28.2,64.6,0.1,0,0,0,0,0,3,3,13,23,38,89,0.43388373911755823,-0.900968867902419,1.0,6.123233995736766e-17,1.0,-1.6081226496766366e-16,111.0,94.0,120.14285714285714,119.14285714285714
2025-03-28,104,18,122,112.1,29.9,56.6,0.0,0,0,0,0,0,4,3,13,24,36,67,-0.433883739117558,-0.9009688679024191,1.0,6.123233995736766e-17,1.0,-1.6081226496766366e-16,115.0,113.0,119.0,119.78571428571429
2025-03-29,146,24,170,122.1,30.4,49.2,0.0,0,1,0,0,0,5,3,13,23,37,113,-0.9749279121818236,-0.2225209339563146,1.0,6.123233995736766e-17,1.0,-1.6081226496766366e-16,121.0,122.0,117.42857142857143,119.14285714285714
2025-03-30,144,25,169,121.8,30.2,32.7,0.0,0,1,0,0,0,6,3,13,24,32,118,-0.7818314824680299,0.6234898018587334,1.0,6.123233995736766e-17,1.0,-1.6081226496766366e-16,125.0,125.0,121.0,120.85714285714286
2025-03-31,142,28,170,105.6,30.1,46.2,0.0,0,0,1,0,0,0,3,14,25,33,137,0.0,1.0,1.0,6.123233995736766e-17,0.992708874098054,-0.12053668025532288,138.0,131.0,123.71428571428571,122.21428571428571
2025-04-01,121,22,143,100.3,29.3,57.2,0.6,0,0,0,1,0,1,4,14,23,34,85,0.7818314824680298,0.6234898018587336,0.8660254037844387,-0.49999999999999983,0.992708874098054,-0.12053668025532288,124.0,131.0,124.28571428571429,123.0
2025-04-02,98,19,117,94.4,27.8,63.0,1.4,0,0,0,0,0,2,4,14,23,36,81,0.9749279121818236,-0.22252093395631434,0.8660254037844387,-0.49999999999999983,0.992708874098054,-0.12053668025532288,107.0,111.0,123.85714285714286,122.28571428571429
2025-04-03,90,14,104,83.4,26.2,74.7,6.3,0,0,0,0,0,3,4,14,24,38,64,0.43388373911755823,-0.900968867902419,0.8660254037844387,-0.49999999999999983,0.992708874098054,-0.12053668025532288,103.0,111.0,122.57142857142857,121.35714285714286
2025-04-04,102,20,122,63.2,26.6,74.7,4.1,0,0,0,0,0,4,4,14,23,33,96,-0.433883739117558,-0.9009688679024191,0.8660254037844387,-0.49999999999999983,0.992708874098054,-0.12053668025532288,104.0,115.0,120.71428571428571,119.85714285714286
2025-04-05,117,21,138,68.0,26.4,75.7,0.8,0,1,0,0,0,5,4,14,23,37,87,-0.9749279121818236,-0.2225209339563146,0.8660254037844387,-0.49999999999999983,0.992708874098054,-0.12053668025532288,146.0,121.0,120.42857142857143,118.92857142857143
2025-04-06,104,18,122,71.9,27.2,74.9,9.3,0,1,0,0,0,6,4,14,25,37,74,-0.7818314824680299,0.6234898018587334,0.8660254037844387,-0.49999999999999983,0.992708874098054,-0.12053668025532288,144.0,125.0,116.28571428571429,118.64285714285714
2025-04-07,132,21,153,73.0,29.4,59.2,0.2,0,0,1,0,0,0,4,15,25,34,86,0.0,1.0,0.8660254037844387,-0.49999999999999983,0.9709418174260521,-0.2393156642875575,142.0,138.0,110.57142857142857,117.14285714285714
2025-04-08,110,21,131,93.9,30.2,52.5,0.0,0,0,0,1,0,1,4,15,24,34,76,0.7818314824680298,0.6234898018587336,0.8660254037844387,-0.49999999999999983,0.9709418174260521,-0.2393156642875575,121.0,124.0,109.14285714285714,116.71428571428571
2025-04-09,88,16,104,107.4,29.5,57.0,0.0,0,0,0,0,0,2,4,15,23,30,67,0.9749279121818236,-0.22252093395631434,0.8660254037844387,-0.49999999999999983,0.9709418174260521,-0.2393156642875575,98.0,107.0,107.57142857142857,115.71428571428571
2025-04-10,98,17,115,93.2,27.8,67.3,0.5,0,0,0,0,0,3,4,15,24,33,79,0.43388373911755823,-0.900968867902419,0.8660254037844387,-0.49999999999999983,0.9709418174260521,-0.2393156642875575,90.0,103.0,106.14285714285714,114.35714285714286
2025-04-11,90,17,107,88.9,28.1,68.9,4.1,0,0,0,0,0,4,4,15,23,28,67,-0.433883739117558,-0.9009688679024191,0.8660254037844387,-0.49999999999999983,0.9709418174260521,-0.2393156642875575,102.0,104.0,107.28571428571429,114.0
2025-04-12,125,23,148,75.6,27.1,72.8,2.3,0,1,0,0,0,5,4,15,24,28,98,-0.9749279121818236,-0.2225209339563146,0.8660254037844387,-0.49999999999999983,0.9709418174260521,-0.2393156642875575,117.0,146.0,105.57142857142857,113.0
2025-04-13,116,22,138,90.5,28.0,69.3,0.0,0,1,0,0,0,6,4,15,24,34,82,-0.7818314824680299,0.6234898018587334,0.8660254037844387,-0.49999999999999983,0.9709418174260521,-0.2393156642875575,104.0,144.0,106.71428571428571,111.5
2025-04-14,56,10,66,112.8,28.8,63.2,1.3,1,0,1,0,0,0,4,16,22,34,45,0.0,1.0,0.8660254037844387,-0.49999999999999983,0.9350162426854148,-0.35460488704253545,132.0,142.0,108.42857142857143,109.5
2025-04-15,128,24,152,122.0,29.3,55.7,0.1,0,0,0,1,0,1,4,16,24,28,92,0.7818314824680298,0.6234898018587336,0.8660254037844387,-0.49999999999999983,0.9350162426854148,-0.35460488704253545,110.0,121.0,97.57142857142857,103.35714285714286
2025-04-16,93,18,111,114.4,29.3,61.5,0.1,0,0,0,0,0,2,4,16,25,27,70,0.9749279121818236,-0.22252093395631434,0.8660254037844387,-0.49999999999999983,0.9350162426854148,-0.35460488704253545,88.0,98.0,100.14285714285714,103.85714285714286
2025-04-17,98,16,114,106.7,29.3,64.0,0.5,0,0,0,0,0,3,4,16,24,29,56,0.43388373911755823,-0.900968867902419,0.8660254037844387,-0.49999999999999983,0.9350162426854148,-0.35460488704253545,98.0,90.0,100.85714285714286,103.5
2025-04-18,54,10,64,100.8,29.0,67.0,0.9,1,0,0,0,0,4,4,16,22,28,41,-0.433883739117558,-0.9009688679024191,0.8660254037844387,-0.49999999999999983,0.9350162426854148,-0.35460488704253545,90.0,102.0,100.85714285714286,104.07142857142857
2025-04-19,101,19,120,100.5,28.3,70.0,2.4,0,1,0,0,0,5,4,16,23,25,92,-0.9749279121818236,-0.2225209339563146,0.8660254037844387,-0.49999999999999983,0.9350162426854148,-0.35460488704253545,125.0,117.0,95.71428571428571,100.64285714285714
2025-04-20,105,19,124,96.1,29.1,64.1,0.7,0,1,0,0,0,6,4,16,24,25,74,-0.7818314824680299,0.6234898018587334,0.8660254037844387,-0.49999999999999983,0.9350162426854148,-0.35460488704253545,116.0,104.0,92.28571428571429,99.5
2025-04-21,122,22,144,99.8,29.8,60.8,0.3,0,0,1,0,0,0,4,17,23,27,80,0.0,1.0,0.8660254037844387,-0.49999999999999983,0.8854560256532099,-0.4647231720437685,56.0,132.0,90.71428571428571,99.57142857142857
2025-04-22,131,25,156,97.8,30.1,59.1,0.0,0,0,0,1,0,1,4,17,24,28,117,0.7818314824680298,0.6234898018587336,0.8660254037844387,-0.49999999999999983,0.8854560256532099,-0.4647231720437685,128.0,110.0,100.14285714285714,98.85714285714286
2025-04-23,93,16,109,82.5,29.2,65.0,0.2,0,0,0,0,0,2,4,17,25,25,73,0.9749279121818236,-0.22252093395631434,0.8660254037844387,-0.49999999999999983,0.8854560256532099,-0.4647231720437685,93.0,88.0,100.57142857142857,100.35714285714286
2025-04-24,95,18,113,67.1,29.4,65.2,0.1,0,0,0,0,0,3,4,17,23,31,86,0.43388373911755823,-0.900968867902419,0.8660254037844387,-0.49999999999999983,0.8854560256532099,-0.4647231720437685,98.0,98.0,100.57142857142857,100.71428571428571
2025-04-25,102,18,120,75.3,29.3,66.0,0.3,0,0,0,0,0,4,4,17,25,30,66,-0.433883739117558,-0.9009688679024191,0.8660254037844387,-0.49999999999999983,0.8854560256532099,-0.4647231720437685,54.0,90.0,100.14285714285714,100.5
2025-04-26,117,23,140,86.5,30.1,59.4,0.0,0,1,0,0,0,5,4,17,25,30,104,-0.9749279121818236,-0.2225209339563146,0.8660254037844387,-0.49999999999999983,0.8854560256532099,-0.4647231720437685,101.0,125.0,107.0,101.35714285714286
2025-04-27,96,15,111,84.0,29.6,61.5,0.0,0,1,0,0,0,6,4,17,23,33,54,-0.7818314824680299,0.6234898018587334,0.8660254037844387,-0.49999999999999983,0.8854560256532099,-0.4647231720437685,105.0,116.0,109.28571428571429,100.78571428571429
2025-04-28,118,22,140,74.4,29.2,63.5,1.0,0,0,1,0,0,0,4,18,25,31,86,0.0,1.0,0.8660254037844387,-0.49999999999999983,0.8229838658936565,-0.5680647467311557,122.0,56.0,108.0,99.35714285714286
2025-04-29,122,19,141,82.6,29.5,62.8,0.7,0,0,0,1,0,1,4,18,23,32,73,0.7818314824680298,0.6234898018587336,0.8660254037844387,-0.49999999999999983,0.8229838658936565,-0.5680647467311557,131.0,128.0,107.42857142857143,103.78571428571429
2025-04-30,96,17,113,89.5,29.8,60.7,0.0,0,0,0,0,0,2,4,18,24,33,69,0.9749279121818236,-0.22252093395631434,0.8660254037844387,-0.49999999999999983,0.8229838658936565,-0.5680647467311557,93.0,93.0,106.14285714285714,103.35714285714286
2025-05-01,53,10,63,77.1,29.6,62.3,0.5,1,0,0,0,0,3,5,18,22,34,44,0.43388373911755823,-0.900968867902419,0.49999999999999994,-0.8660254037844387,0.8229838658936565,-0.5680647467311557,95.0,98.0,106.57142857142857,103.57142857142857
2025-05-02,96,18,114,100.2,29.0,67.8,1.9,0,0,0,0,0,4,5,18,25,31,90,-0.433883739117558,-0.9009688679024191,0.49999999999999994,-0.8660254037844387,0.8229838658936565,-0.5680647467311557,102.0,54.0,100.57142857142857,100.35714285714286
2025-05-03,107,19,126,84.9,28.4,69.8,0.8,0,1,0,0,0,5,5,18,23,26,76,-0.9749279121818236,-0.2225209339563146,0.49999999999999994,-0.8660254037844387,0.8229838658936565,-0.5680647467311557,117.0,101.0,99.71428571428571,103.35714285714286
2025-05-04,122,19,141,79.2,29.5,64.6,0.1,0,1,0,0,0,6,5,18,23,25,91,-0.7818314824680299,0.6234898018587334,0.49999999999999994,-0.8660254037844387,0.8229838658936565,-0.5680647467311557,96.0,105.0,98.28571428571429,103.78571428571429
2025-05-05,129,20,149,89.8,29.1,68.5,0.5,0,0,1,0,0,0,5,19,24,29,88,0.0,1.0,0.49999999999999994,-0.8660254037844387,0.7485107481711013,-0.6631226582407951,118.0,122.0,102.0,105.0
2025-05-06,123,20,143,85.8,29.0,67.4,1.1,0,0,0,1,0,1,5,19,23,31,72,0.7818314824680298,0.6234898018587336,0.49999999999999994,-0.8660254037844387,0.7485107481711013,-0.6631226582407951,122.0,131.0,103.57142857142857,105.5
2025-05-07,93,17,110,72.8,29.0,63.9,0.0,0,0,0,0,0,2,5,19,23,29,80,0.9749279121818236,-0.22252093395631434,0.49999999999999994,-0.8660254037844387,0.7485107481711013,-0.6631226582407951,96.0,93.0,103.71428571428571,104.92857142857143
2025-05-08,111,19,130,60.1,28.8,62.1,0.0,0,0,0,0,0,3,5,19,23,29,90,0.43388373911755823,-0.900968867902419,0.49999999999999994,-0.8660254037844387,0.7485107481711013,-0.6631226582407951,53.0,95.0,103.28571428571429,104.92857142857143
2025-05-09,98,18,116,61.8,28.9,59.7,0.0,0,0,0,0,0,4,5,19,24,30,64,-0.433883739117558,-0.9009688679024191,0.49999999999999994,-0.8660254037844387,0.7485107481711013,-0.6631226582407951,96.0,102.0,111.57142857142857,106.07142857142857
2025-05-10,118,20,138,58.6,28.8,55.6,0.0,0,1,0,0,0,5,5,19,24,30,76,-0.9749279121818236,-0.2225209339563146,0.49999999999999994,-0.8660254037844387,0.7485107481711013,-0.6631226582407951,107.0,117.0,111.85714285714286,105.78571428571429
2025-05-11,121,19,140,57.5,28.7,58.1,0.0,0,1,0,0,0,6,5,19,25,34,77,-0.7818314824680299,0.6234898018587334,0.49999999999999994,-0.8660254037844387,0.7485107481711013,-0.6631226582407951,122.0,96.0,113.42857142857143,105.85714285714286
2025-05-12,120,20,140,43.2,28.6,64.9,0.2,0,0,1,0,0,0,5,20,24,34,98,0.0,1.0,0.49999999999999994,-0.8660254037844387,0.6631226582407952,-0.7485107481711012,129.0,118.0,113.28571428571429,107.64285714285714
2025-05-13,128,24,152,34.7,28.4,68.7,1.4,0,0,0,1,0,1,5,20,25,32,103,0.7818314824680298,0.6234898018587336,0.49999999999999994,-0.8660254037844387,0.6631226582407952,-0.7485107481711012,123.0,122.0,112.0,107.78571428571429
2025-05-14,90,15,105,44.6,28.2,71.0,0.2,0,0,0,0,0,2,5,20,24,29,62,0.9749279121818236,-0.22252093395631434,0.49999999999999994,-0.8660254037844387,0.6631226582407952,-0.7485107481711012,93.0,96.0,112.71428571428571,108.21428571428571
2025-05-15,92,14,106,43.0,28.0,72.1,0.2,0,0,0,0,0,3,5,20,25,33,49,0.43388373911755823,-0.900968867902419,0.49999999999999994,-0.8660254037844387,0.6631226582407952,-0.7485107481711012,111.0,53.0,112.28571428571429,107.78571428571429
2025-05-16,90,14,104,41.5,28.4,68.2,0.1,0,0,0,0,0,4,5,20,24,29,57,-0.433883739117558,-0.9009688679024191,0.49999999999999994,-0.8660254037844387,0.6631226582407952,-0.7485107481711012,98.0,96.0,109.57142857142857,110.57142857142857
2025-05-17,113,18,131,53.1,27.2,74.3,1.0,0,1,0,0,0,5,5,20,23,28,72,-0.9749279121818236,-0.2225209339563146,0.49999999999999994,-0.8660254037844387,0.6631226582407952,-0.7485107481711012,118.0,107.0,108.42857142857143,110.14285714285714
2025-05-18,103,16,119,37.9,26.2,81.8,6.8,0,1,0,0,0,6,5,20,24,34,59,-0.7818314824680299,0.6234898018587334,0.49999999999999994,-0.8660254037844387,0.6631226582407952,-0.7485107481711012,121.0,122.0,107.71428571428571,110.57142857142857
2025-05-19,119,24,143,32.6,26.0,81.5,7.6,0,0,1,0,0,0,5,21,24,31,120,0.0,1.0,0.49999999999999994,-0.8660254037844387,0.5680647467311558,-0.8229838658936564,120.0,129.0,105.14285714285714,109.21428571428571
2025-05-20,121,19,140,30.1,26.1,76.4,0.0,0,0,0,1,0,1,5,21,24,31,78,0.7818314824680298,0.6234898018587336,0.49999999999999994,-0.8660254037844387,0.5680647467311558,-0.8229838658936564,128.0,123.0,105.0,108.5
2025-05-21,98,15,113,33.9,26.3,76.1,0.0,0,0,0,0,0,2,5,21,24,33,67,0.9749279121818236,-0.22252093395631434,0.49999999999999994,-0.8660254037844387,0.5680647467311558,-0.8229838658936564,90.0,93.0,104.0,108.35714285714286
2025-05-22,107,21,128,53.7,26.8,74.8,0.0,0,0,0,0,0,3,5,21,24,30,96,0.43388373911755823,-0.900968867902419,0.49999999999999994,-0.8660254037844387,0.5680647467311558,-0.8229838658936564,92.0,111.0,105.14285714285714,108.71428571428571
2025-05-23,88,16,104,45.2,25.9,80.5,9.1,0,0,0,0,0,4,5,21,23,30,62,-0.433883739117558,-0.9009688679024191,0.49999999999999994,-0.8660254037844387,0.5680647467311558,-0.8229838658936564,90.0,98.0,107.28571428571429,108.42857142857143
2025-05-24,97,19,116,20.8,23.4,93.5,18.9,0,1,0,0,0,5,5,21,23,27,71,-0.9749279121818236,-0.2225209339563146,0.49999999999999994,-0.8660254037844387,0.5680647467311558,-0.8229838658936564,113.0,118.0,107.0,107.71428571428571
2025-05-25,92,17,109,21.4,23.0,93.9,21.5,0,1,0,0,0,6,5,21,24,30,77,-0.7818314824680299,0.6234898018587334,0.49999999999999994,-0.8660254037844387,0.5680647467311558,-0.8229838658936564,103.0,121.0,104.71428571428571,106.21428571428571
2025-05-26,122,24,146,21.6,22.8,94.7,25.9,0,0,1,0,0,0,5,22,24,31,101,0.0,1.0,0.49999999999999994,-0.8660254037844387,0.46472317204376906,-0.8854560256532096,119.0,120.0,103.14285714285714,104.14285714285714
2025-05-27,109,18,127,24.4,23.3,91.4,6.1,0,0,0,1,0,1,5,22,23,26,69,0.7818314824680298,0.6234898018587336,0.49999999999999994,-0.8660254037844387,0.46472317204376906,-0.8854560256532096,121.0,128.0,103.57142857142857,104.28571428571429
2025-05-28,96,16,112,22.8,24.2,88.3,5.6,0,0,0,0,0,2,5,22,25,28,64,0.9749279121818236,-0.22252093395631434,0.49999999999999994,-0.8660254037844387,0.46472317204376906,-0.8854560256532096,98.0,90.0,101.85714285714286,102.92857142857143
2025-05-29,108,21,129,23.4,23.4,92.2,6.1,0,0,0,0,0,3,5,22,23,26,78,0.43388373911755823,-0.900968867902419,0.49999999999999994,-0.8660254037844387,0.46472317204376906,-0.8854560256532096,107.0,92.0,101.57142857142857,103.35714285714286
2025-05-30,90,14,104,25.3,23.3,94.2,29.6,0,0,0,0,0,4,5,22,25,26,54,-0.433883739117558,-0.9009688679024191,0.49999999999999994,-0.8660254037844387,0.46472317204376906,-0.8854560256532096,88.0,90.0,101.71428571428571,104.5
2025-05-31,112,22,134,26.0,24.4,90.5,0.1,0,1,0,0,0,5,5,22,25,26,85,-0.9749279121818236,-0.2225209339563146,0.49999999999999994,-0.8660254037844387,0.46472317204376906,-0.8854560256532096,97.0,113.0,102.0,104.5
2025-06-01,132,22,154,41.5,25.9,83.8,0.2,0,1,0,0,0,6,6,22,24,30,83,-0.7818314824680299,0.6234898018587334,1.2246467991473532e-16,-1.0,0.46472317204376906,-0.8854560256532096,92.0,103.0,104.14285714285714,104.42857142857143
2025-06-02,164,32,196,41.5,25.4,83.4,0.0,0,0,1,0,1,0,6,23,24,31,143,0.0,1.0,1.2246467991473532e-16,-1.0,0.35460488704253584,-0.9350162426854147,122.0,119.0,109.85714285714286,106.5
2025-06-03,161,29,190,29.0,25.0,84.9,0.1,0,0,0,1,1,1,6,23,25,31,106,0.7818314824680298,0.6234898018587336,1.2246467991473532e-16,-1.0,0.35460488704253584,-0.9350162426854147,109.0,121.0,115.85714285714286,109.71428571428571
2025-06-04,118,18,136,28.2,24.8,86.6,7.6,0,0,0,0,1,2,6,23,25,36,79,0.9749279121818236,-0.22252093395631434,1.2246467991473532e-16,-1.0,0.35460488704253584,-0.9350162426854147,96.0,98.0,123.28571428571429,112.57142857142857
2025-06-05,143,25,168,53.9,25.8,81.8,0.3,0,0,0,0,1,3,6,23,23,37,105,0.43388373911755823,-0.900968867902419,1.2246467991473532e-16,-1.0,0.35460488704253584,-0.9350162426854147,108.0,107.0,126.42857142857143,114.0
2025-06-06,135,21,156,78.5,26.6,76.7,0.1,0,0,0,0,1,4,6,23,24,40,81,-0.433883739117558,-0.9009688679024191,1.2246467991473532e-16,-1.0,0.35460488704253584,-0.9350162426854147,90.0,88.0,131.42857142857142,116.57142857142857
2025-06-07,144,26,170,74.0,26.6,76.0,0.0,0,1,0,0,1,5,6,23,24,36,94,-0.9749279121818236,-0.2225209339563146,1.2246467991473532e-16,-1.0,0.35460488704253584,-0.9350162426854147,112.0,97.0,137.85714285714286,119.92857142857143
2025-06-08,148,28,176,62.8,26.3,78.0,0.7,0,1,0,0,1,6,6,23,24,43,128,-0.7818314824680299,0.6234898018587334,1.2246467991473532e-16,-1.0,0.35460488704253584,-0.9350162426854147,132.0,92.0,142.42857142857142,123.28571428571429
2025-06-09,172,28,200,47.0,25.8,80.2,9.4,0,0,1,0,1,0,6,24,23,40,129,0.0,1.0,1.2246467991473532e-16,-1.0,0.23931566428755768,-0.970941817426052,164.0,122.0,144.71428571428572,127.28571428571429
2025-06-10,143,23,166,50.1,25.6,85.0,15.7,0,0,0,1,1,1,6,24,23,45,94,0.7818314824680298,0.6234898018587336,1.2246467991473532e-16,-1.0,0.23931566428755768,-0.970941817426052,161.0,109.0,145.85714285714286,130.85714285714286
2025-06-11,105,21,126,39.8,24.7,86.2,10.6,0,0,0,0,1,2,6,24,24,43,93,0.9749279121818236,-0.22252093395631434,1.2246467991473532e-16,-1.0,0.23931566428755768,-0.970941817426052,118.0,96.0,143.28571428571428,133.28571428571428
2025-06-12,115,19,134,28.1,24.2,87.4,0.3,0,0,0,0,1,3,6,24,25,45,79,0.43388373911755823,-0.900968867902419,1.2246467991473532e-16,-1.0,0.23931566428755768,-0.970941817426052,143.0,108.0,141.42857142857142,133.92857142857142
2025-06-13,129,23,152,24.8,23.9,91.5,4.2,0,0,0,0,1,4,6,24,25,43,89,-0.433883739117558,-0.9009688679024191,1.2246467991473532e-16,-1.0,0.23931566428755768,-0.970941817426052,135.0,90.0,137.42857142857142,134.42857142857142
2025-06-14,147,28,175,23.2,23.5,92.7,6.6,0,1,0,0,1,5,6,24,25,40,124,-0.9749279121818236,-0.2225209339563146,1.2246467991473532e-16,-1.0,0.23931566428755768,-0.970941817426052,144.0,112.0,136.57142857142858,137.21428571428572
2025-06-15,139,24,163,20.4,22.8,95.5,22.6,0,1,0,0,1,6,6,24,24,37,116,-0.7818314824680299,0.6234898018587334,1.2246467991473532e-16,-1.0,0.23931566428755768,-0.970941817426052,148.0,132.0,137.0,139.71428571428572
2025-06-16,132,23,155,25.1,22.6,93.2,7.3,0,0,1,0,0,0,6,25,23,36,96,0.0,1.0,1.2246467991473532e-16,-1.0,0.12053668025532308,-0.992708874098054,172.0,164.0,135.71428571428572,140.21428571428572
2025-06-17,136,26,162,27.1,23.7,89.4,1.0,0,0,0,1,0,1,6,25,25,39,125,0.7818314824680298,0.6234898018587336,1.2246467991473532e-16,-1.0,0.12053668025532308,-0.992708874098054,143.0,161.0,130.0,137.92857142857142
2025-06-18,111,20,131,23.2,24.3,88.0,0.0,0,0,0,0,0,2,6,25,25,38,77,0.9749279121818236,-0.22252093395631434,1.2246467991473532e-16,-1.0,0.12053668025532308,-0.992708874098054,105.0,118.0,129.0,136.14285714285714
2025-06-19,99,19,118,23.6,24.6,87.4,0.0,0,0,0,0,0,3,6,25,23,39,76,0.43388373911755823,-0.900968867902419,1.2246467991473532e-16,-1.0,0.12053668025532308,-0.992708874098054,115.0,143.0,129.85714285714286,135.64285714285714
2025-06-20,99,18,117,30.9,25.0,83.9,0.0,0,0,0,0,0,4,6,25,24,40,88,-0.433883739117558,-0.9009688679024191,1.2246467991473532e-16,-1.0,0.12053668025532308,-0.992708874098054,129.0,135.0,127.57142857142857,132.5
2025-06-21,119,21,140,34.3,24.8,85.7,0.4,0,1,0,0,0,5,6,25,25,31,76,-0.9749279121818236,-0.2225209339563146,1.2246467991473532e-16,-1.0,0.12053668025532308,-0.992708874098054,147.0,144.0,123.28571428571429,129.92857142857142
2025-06-22,125,25,150,33.7,24.6,84.4,0.0,0,1,0,0,0,6,6,25,23,31,116,-0.7818314824680299,0.6234898018587334,1.2246467991473532e-16,-1.0,0.12053668025532308,-0.992708874098054,139.0,148.0,119.28571428571429,128.14285714285714
2025-06-23,144,24,168,22.0,23.4,88.5,0.0,0,0,1,0,0,0,6,26,25,35,91,0.0,1.0,1.2246467991473532e-16,-1.0,-3.216245299353273e-16,-1.0,132.0,172.0,117.28571428571429,126.5
2025-06-24,138,22,160,23.0,24.3,84.5,0.3,0,0,0,1,0,1,6,26,24,36,92,0.7818314824680298,0.6234898018587336,1.2246467991473532e-16,-1.0,-3.216245299353273e-16,-1.0,136.0,143.0,119.0,124.5
2025-06-25,104,19,123,22.4,24.1,86.5,0.3,0,0,0,0,0,2,6,26,24,32,74,0.9749279121818236,-0.22252093395631434,1.2246467991473532e-16,-1.0,-3.216245299353273e-16,-1.0,111.0,105.0,119.28571428571429,124.14285714285714
2025-06-26,105,17,122,21.6,24.2,87.2,0.8,0,0,0,0,0,3,6,26,23,33,64,0.43388373911755823,-0.900968867902419,1.2246467991473532e-16,-1.0,-3.216245299353273e-16,-1.0,99.0,115.0,118.28571428571429,124.07142857142857
2025-06-27,107,20,127,21.3,23.8,87.9,0.9,0,0,0,0,0,4,6,26,23,38,83,-0.433883739117558,-0.9009688679024191,1.2246467991473532e-16,-1.0,-3.216245299353273e-16,-1.0,99.0,129.0,119.14285714285714,123.35714285714286
2025-06-28,124,19,143,26.0,24.5,85.4,0.5,0,1,0,0,0,5,6,26,24,36,91,-0.9749279121818236,-0.2225209339563146,1.2246467991473532e-16,-1.0,-3.216245299353273e-16,-1.0,119.0,147.0,120.28571428571429,121.78571428571429
2025-06-29,119,20,139,22.8,24.9,81.3,0.0,0,1,0,0,0,6,6,26,25,33,75,-0.7818314824680299,0.6234898018587334,1.2246467991473532e-16,-1.0,-3.216245299353273e-16,-1.0,125.0,139.0,121.0,120.14285714285714
2025-06-30,136,26,162,34.2,25.3,81.5,0.0,0,0,1,0,0,0,6,27,23,35,119,0.0,1.0,1.2246467991473532e-16,-1.0,-0.12053668025532283,-0.992708874098054,144.0,132.0,120.14285714285714,118.71428571428571
2025-07-01,129,19,148,29.9,24.3,84.9,0.0,0,0,0,1,0,1,7,27,25,35,77,0.7818314824680298,0.6234898018587336,-0.4999999999999998,-0.8660254037844388,-0.12053668025532283,-0.992708874098054,138.0,136.0,119.0,119.0
2025-07-02,98,16,114,27.9,24.7,83.8,3.0,0,0,0,0,0,2,7,27,25,30,78,0.9749279121818236,-0.22252093395631434,-0.4999999999999998,-0.8660254037844388,-0.12053668025532283,-0.992708874098054,104.0,111.0,117.71428571428571,118.5
2025-07-03,97,19,116,24.2,24.3,84.3,0.0,0,0,0,0,0,3,7,27,23,30,87,0.43388373911755823,-0.900968867902419,-0.4999999999999998,-0.8660254037844388,-0.12053668025532283,-0.992708874098054,105.0,99.0,116.85714285714286,117.57142857142857
2025-07-04,105,16,121,29.1,25.3,79.5,0.0,0,0,0,0,0,4,7,27,24,30,70,-0.433883739117558,-0.9009688679024191,-0.4999999999999998,-0.8660254037844388,-0.12053668025532283,-0.992708874098054,107.0,99.0,115.71428571428571,117.42857142857143
2025-07-05,125,23,148,25.4,25.1,80.2,0.1,0,1,0,0,0,5,7,27,23,37,104,-0.9749279121818236,-0.2225209339563146,-0.4999999999999998,-0.8660254037844388,-0.12053668025532283,-0.992708874098054,124.0,119.0,115.42857142857143,117.85714285714286
2025-07-06,127,21,148,25.4,25.2,79.5,0.0,0,1,0,0,0,6,7,27,23,29,103,-0.7818314824680299,0.6234898018587334,-0.4999999999999998,-0.8660254037844388,-0.12053668025532283,-0.992708874098054,119.0,125.0,115.57142857142857,118.28571428571429
2025-07-07,124,20,144,25.8,24.9,81.0,0.0,0,0,1,0,0,0,7,28,24,30,72,0.0,1.0,-0.4999999999999998,-0.8660254037844388,-0.23931566428755743,-0.9709418174260521,136.0,144.0,116.71428571428571,118.42857142857143
2025-07-08,141,22,163,30.2,25.9,77.8,0.2,0,0,0,1,0,1,7,28,23,31,78,0.7818314824680298,0.6234898018587336,-0.4999999999999998,-0.8660254037844388,-0.23931566428755743,-0.9709418174260521,129.0,138.0,115.0,117.0
2025-07-09,100,18,118,37.3,25.7,79.3,3.6,0,0,0,0,0,2,7,28,23,32,78,0.9749279121818236,-0.22252093395631434,-0.4999999999999998,-0.8660254037844388,-0.23931566428755743,-0.9709418174260521,98.0,104.0,116.71428571428571,117.21428571428571
2025-07-10,93,17,110,39.9,25.7,81.0,14.9,0,0,0,0,0,3,7,28,25,37,76,0.43388373911755823,-0.900968867902419,-0.4999999999999998,-0.8660254037844388,-0.23931566428755743,-0.9709418174260521,97.0,105.0,117.0,116.92857142857143
2025-07-11,110,17,127,40.8,24.7,86.5,3.4,0,0,0,0,0,4,7,28,25,30,62,-0.433883739117558,-0.9009688679024191,-0.4999999999999998,-0.8660254037844388,-0.23931566428755743,-0.9709418174260521,105.0,107.0,116.42857142857143,116.07142857142857
2025-07-12,131,24,155,33.8,25.2,82.5,0.0,0,1,0,0,0,5,7,28,25,36,89,-0.9749279121818236,-0.2225209339563146,-0.4999999999999998,-0.8660254037844388,-0.23931566428755743,-0.9709418174260521,125.0,124.0,117.14285714285714,116.28571428571429
2025-07-13,122,18,140,26.9,25.3,83.2,0.1,0,1,0,0,0,6,7,28,24,32,72,-0.7818314824680299,0.6234898018587334,-0.4999999999999998,-0.8660254037844388,-0.23931566428755743,-0.9709418174260521,127.0,119.0,118.0,116.78571428571429
2025-07-14,142,27,169,23.0,24.5,83.9,2.1,0,0,1,0,0,0,7,29,23,35,127,0.0,1.0,-0.4999999999999998,-0.8660254037844388,-0.3546048870425356,-0.9350162426854148,124.0,136.0,117.28571428571429,117.0
2025-07-15,137,25,162,21.6,24.8,82.5,0.0,0,0,0,1,0,1,7,29,23,34,104,0.7818314824680298,0.6234898018587336,-0.4999999999999998,-0.8660254037844388,-0.3546048870425356,-0.9350162426854148,141.0,129.0,119.85714285714286,117.42857142857143
2025-07-16,85,13,98,19.8,24.4,85.2,22.9,0,0,0,0,0,2,7,29,24,31,51,0.9749279121818236,-0.22252093395631434,-0.4999999999999998,-0.8660254037844388,-0.3546048870425356,-0.9350162426854148,100.0,98.0,119.28571428571429,118.0
2025-07-17,97,17,114,20.0,24.0,88.2,17.9,0,0,0,0,0,3,7,29,25,37,67,0.43388373911755823,-0.900968867902419,-0.4999999999999998,-0.8660254037844388,-0.3546048870425356,-0.9350162426854148,93.0,97.0,117.14285714285714,117.07142857142857
2025-07-18,107,18,125,20.8,23.5,92.3,4.0,0,0,0,0,0,4,7,29,24,36,76,-0.433883739117558,-0.9009688679024191,-0.4999999999999998,-0.8660254037844388,-0.3546048870425356,-0.9350162426854148,110.0,105.0,117.71428571428571,117.07142857142857
2025-07-19,136,22,158,18.8,23.2,92.0,5.1,0,1,0,0,0,5,7,29,25,33,78,-0.9749279121818236,-0.2225209339563146,-0.4999999999999998,-0.8660254037844388,-0.3546048870425356,-0.9350162426854148,131.0,125.0,117.28571428571429,117.21428571428571
2025-07-20,117,19,136,21.9,23.3,91.0,3.2,0,1,0,0,0,6,7,29,23,34,69,-0.7818314824680299,0.6234898018587334,-0.4999999999999998,-0.8660254037844388,-0.3546048870425356,-0.9350162426854148,122.0,127.0,118.0,118.0
2025-07-21,134,23,157,21.6,22.8,94.5,6.2,0,0,1,0,0,0,7,30,23,32,88,0.0,1.0,-0.4999999999999998,-0.8660254037844388,-0.46472317204376806,-0.8854560256532101,142.0,124.0,117.28571428571429,117.28571428571429
2025-07-22,129,25,154,22.7,22.8,93.4,1.8,0,0,0,1,0,1,7,30,25,30,110,0.7818314824680298,0.6234898018587336,-0.4999999999999998,-0.8660254037844388,-0.46472317204376806,-0.8854560256532101,137.0,141.0,116.14285714285714,118.0
2025-07-23,116,21,137,24.5,22.8,92.7,5.1,0,0,0,0,0,2,7,30,25,35,89,0.9749279121818236,-0.22252093395631434,-0.4999999999999998,-0.8660254037844388,-0.46472317204376806,-0.8854560256532101,85.0,100.0,115.0,117.14285714285714
2025-07-24,115,18,133,23.4,23.4,89.6,0.2,0,0,0,0,0,3,7,30,24,35,70,0.43388373911755823,-0.900968867902419,-0.4999999999999998,-0.8660254037844388,-0.46472317204376806,-0.8854560256532101,97.0,93.0,119.42857142857143,118.28571428571429
2025-07-25,97,18,115,21.8,23.7,86.5,0.6,0,0,0,0,0,4,7,30,23,36,74,-0.433883739117558,-0.9009688679024191,-0.4999999999999998,-0.8660254037844388,-0.46472317204376806,-0.8854560256532101,107.0,110.0,122.0,119.85714285714286
2025-07-26,129,22,151,21.6,23.3,88.6,4.6,0,1,0,0,0,5,7,30,25,36,93,-0.9749279121818236,-0.2225209339563146,-0.4999999999999998,-0.8660254037844388,-0.46472317204376806,-0.8854560256532101,136.0,131.0,120.57142857142857,118.92857142857143
2025-07-27,136,26,162,22.2,23.4,89.8,0.2,0,1,0,0,0,6,7,30,24,34,110,-0.7818314824680299,0.6234898018587334,-0.4999999999999998,-0.8660254037844388,-0.46472317204376806,-0.8854560256532101,117.0,122.0,119.57142857142857,118.78571428571429
2025-07-28,128,21,149,39.9,25.0,81.4,3.8,0,0,1,0,0,0,7,31,25,33,96,0.0,1.0,-0.4999999999999998,-0.8660254037844388,-0.5680647467311556,-0.8229838658936565,134.0,142.0,122.28571428571429,119.78571428571429
2025-07-29,116,18,134,50.3,25.5,76.6,0.3,0,0,0,1,0,1,7,31,25,35,65,0.7818314824680298,0.6234898018587336,-0.4999999999999998,-0.8660254037844388,-0.5680647467311556,-0.8229838658936565,129.0,137.0,121.42857142857143,118.78571428571429
2025-07-30,111,20,131,38.2,25.4,80.2,2.1,0,0,0,0,0,2,7,31,24,35,72,0.9749279121818236,-0.22252093395631434,-0.4999999999999998,-0.8660254037844388,-0.5680647467311556,-0.8229838658936565,116.0,85.0,119.57142857142857,117.28571428571429
2025-07-31,119,18,137,33.7,25.4,82.3,4.3,0,0,0,0,0,3,7,31,23,32,63,0.43388373911755823,-0.900968867902419,-0.4999999999999998,-0.8660254037844388,-0.5680647467311556,-0.8229838658936565,115.0,97.0,118.85714285714286,119.14285714285714
2025-08-01,108,21,129,40.8,25.4,84.2,3.7,0,0,0,0,0,4,8,31,23,35,86,-0.433883739117558,-0.9009688679024191,-0.8660254037844384,-0.5000000000000004,-0.5680647467311556,-0.8229838658936565,97.0,107.0,119.42857142857143,120.71428571428571
2025-08-02,128,21,149,37.2,24.9,86.5,7.1,0,1,0,0,0,5,8,31,25,38,82,-0.9749279121818236,-0.2225209339563146,-0.8660254037844384,-0.5000000000000004,-0.5680647467311556,-0.8229838658936565,129.0,136.0,121.0,120.78571428571429
2025-08-03,117,20,137,28.7,24.0,89.8,7.6,0,1,0,0,0,6,8,31,24,33,96,-0.7818314824680299,0.6234898018587334,-0.8660254037844384,-0.5000000000000004,-0.5680647467311556,-0.8229838658936565,136.0,117.0,120.85714285714286,120.21428571428571
2025-08-04,138,23,161,27.0,24.5,86.8,1.2,0,0,1,0,0,0,8,32,24,36,86,0.0,1.0,-0.8660254037844384,-0.5000000000000004,-0.663122658240795,-0.7485107481711013,128.0,134.0,118.14285714285714,120.21428571428571
2025-08-05,127,23,150,31.2,24.6,86.3,0.8,0,0,0,1,0,1,8,32,23,37,107,0.7818314824680298,0.6234898018587336,-0.8660254037844384,-0.5000000000000004,-0.663122658240795,-0.7485107481711013,116.0,129.0,119.57142857142857,120.5
2025-08-06,103,16,119,25.3,24.9,82.5,2.0,0,0,0,0,0,2,8,32,24,31,64,0.9749279121818236,-0.22252093395631434,-0.8660254037844384,-0.5000000000000004,-0.663122658240795,-0.7485107481711013,111.0,116.0,121.14285714285714,120.35714285714286
2025-08-07,102,18,120,44.4,25.3,81.8,0.0,0,0,0,0,0,3,8,32,24,34,81,0.43388373911755823,-0.900968867902419,-0.8660254037844384,-0.5000000000000004,-0.663122658240795,-0.7485107481711013,119.0,115.0,120.0,119.42857142857143
2025-08-08,100,18,118,44.5,25.1,83.0,1.2,0,0,0,0,0,4,8,32,25,34,71,-0.433883739117558,-0.9009688679024191,-0.8660254037844384,-0.5000000000000004,-0.663122658240795,-0.7485107481711013,108.0,97.0,117.57142857142857,118.5
2025-08-09,116,21,137,45.0,25.2,82.8,2.0,0,1,0,0,0,5,8,32,24,30,102,-0.9749279121818236,-0.2225209339563146,-0.8660254037844384,-0.5000000000000004,-0.663122658240795,-0.7485107481711013,128.0,129.0,116.42857142857143,118.71428571428571
2025-08-10,118,21,139,35.7,24.6,86.7,13.4,0,1,0,0,0,6,8,32,24,32,74,-0.7818314824680299,0.6234898018587334,-0.8660254037844384,-0.5000000000000004,-0.663122658240795,-0.7485107481711013,117.0,136.0,114.71428571428571,117.78571428571429
2025-08-11,138,23,161,35.3,24.4,85.2,11.8,0,0,1,0,0,0,8,33,24,36,100,0.0,1.0,-0.8660254037844384,-0.5000000000000004,-0.7485107481711011,-0.6631226582407952,138.0,128.0,114.85714285714286,116.5
2025-08-12,121,21,142,29.5,24.2,84.6,5.5,0,0,0,1,0,1,8,33,25,36,87,0.7818314824680298,0.6234898018587336,-0.8660254037844384,-0.5000000000000004,-0.7485107481711011,-0.6631226582407952,127.0,116.0,114.85714285714286,117.21428571428571
2025-08-13,104,19,123,22.9,22.9,90.0,0.6,0,0,0,0,0,2,8,33,24,36,88,0.9749279121818236,-0.22252093395631434,-0.8660254037844384,-0.5000000000000004,-0.7485107481711011,-0.6631226582407952,103.0,111.0,114.0,117.57142857142857
2025-08-14,120,19,139,21.1,24.0,83.6,0.5,0,0,0,0,0,3,8,33,23,34,85,0.43388373911755823,-0.900968867902419,-0.8660254037844384,-0.5000000000000004,-0.7485107481711011,-0.6631226582407952,102.0,119.0,114.14285714285714,117.07142857142857
2025-08-15,59,10,69,22.9,24.0,84.3,1.8,1,0,0,0,0,4,8,33,20,37,47,-0.433883739117558,-0.9009688679024191,-0.8660254037844384,-0.5000000000000004,-0.7485107481711011,-0.6631226582407952,100.0,108.0,116.71428571428571,117.14285714285714
2025-08-16,126,22,148,19.8,24.1,84.7,0.0,0,1,0,0,0,5,8,33,25,28,99,-0.9749279121818236,-0.2225209339563146,-0.8660254037844384,-0.5000000000000004,-0.7485107481711011,-0.6631226582407952,116.0,128.0,110.85714285714286,113.64285714285714
2025-08-17,120,18,138,19.0,23.3,88.8,3.5,0,1,0,0,0,6,8,33,24,30,80,-0.7818314824680299,0.6234898018587334,-0.8660254037844384,-0.5000000000000004,-0.7485107481711011,-0.6631226582407952,118.0,117.0,112.28571428571429,113.5
2025-08-18,147,28,175,20.2,23.8,84.4,0.9,0,0,1,0,0,0,8,34,23,35,112,0.0,1.0,-0.8660254037844384,-0.5000000000000004,-0.8229838658936564,-0.5680647467311559,138.0,138.0,112.57142857142857,113.71428571428571
2025-08-19,136,21,157,27.9,24.2,83.5,0.0,0,0,0,1,0,1,8,34,25,33,101,0.7818314824680298,0.6234898018587336,-0.8660254037844384,-0.5000000000000004,-0.8229838658936564,-0.5680647467311559,121.0,127.0,113.85714285714286,114.35714285714286
2025-08-20,120,21,141,41.5,25.0,80.2,0.1,0,0,0,0,0,2,8,34,23,34,105,0.9749279121818236,-0.22252093395631434,-0.8660254037844384,-0.5000000000000004,-0.8229838658936564,-0.5680647467311559,104.0,103.0,116.0,115.0
2025-08-21,111,20,131,51.5,25.6,77.6,1.4,0,0,0,0,0,3,8,34,24,32,70,0.43388373911755823,-0.900968867902419,-0.8660254037844384,-0.5000000000000004,-0.8229838658936564,-0.5680647467311559,120.0,102.0,118.28571428571429,116.21428571428571
2025-08-22,110,18,128,53.4,25.9,80.1,1.6,0,0,0,0,0,4,8,34,23,30,73,-0.433883739117558,-0.9009688679024191,-0.8660254037844384,-0.5000000000000004,-0.8229838658936564,-0.5680647467311559,59.0,100.0,117.0,116.85714285714286
2025-08-23,127,23,150,52.8,25.6,79.0,0.2,0,1,0,0,0,5,8,34,23,38,109,-0.9749279121818236,-0.2225209339563146,-0.8660254037844384,-0.5000000000000004,-0.8229838658936564,-0.5680647467311559,126.0,116.0,124.28571428571429,117.57142857142857
2025-08-24,123,18,141,50.0,25.9,77.1,5.2,0,1,0,0,0,6,8,34,23,31,90,-0.7818314824680299,0.6234898018587334,-0.8660254037844384,-0.5000000000000004,-0.8229838658936564,-0.5680647467311559,120.0,118.0,124.42857142857143,118.35714285714286
2025-08-25,132,26,158,51.2,26.0,78.7,0.0,0,0,1,0,0,0,8,35,23,31,109,0.0,1.0,-0.8660254037844384,-0.5000000000000004,-0.8854560256532096,-0.4647231720437691,147.0,138.0,124.85714285714286,118.71428571428571
2025-08-26,135,22,157,53.6,25.6,75.6,0.7,0,0,0,1,0,1,8,35,25,37,103,0.7818314824680298,0.6234898018587336,-0.8660254037844384,-0.5000000000000004,-0.8854560256532096,-0.4647231720437691,136.0,121.0,122.71428571428571,118.28571428571429
2025-08-27,106,18,124,28.7,24.1,84.0,1.8,0,0,0,0,0,2,8,35,25,39,75,0.9749279121818236,-0.22252093395631434,-0.8660254037844384,-0.5000000000000004,-0.8854560256532096,-0.4647231720437691,120.0,104.0,122.57142857142857,119.28571428571429
2025-08-28,93,16,109,18.4,22.7,94.0,20.1,0,0,0,0,0,3,8,35,24,37,78,0.43388373911755823,-0.900968867902419,-0.8660254037844384,-0.5000000000000004,-0.8854560256532096,-0.4647231720437691,111.0,120.0,120.57142857142857,119.42857142857143
2025-08-29,120,21,141,19.7,23.7,88.8,3.3,0,0,0,0,0,4,8,35,23,35,91,-0.433883739117558,-0.9009688679024191,-0.8660254037844384,-0.5000000000000004,-0.8854560256532096,-0.4647231720437691,110.0,59.0,118.0,117.5
2025-08-30,140,22,162,21.2,24.3,85.6,1.3,0,1,0,0,0,5,8,35,25,34,96,-0.9749279121818236,-0.2225209339563146,-0.8660254037844384,-0.5000000000000004,-0.8854560256532096,-0.4647231720437691,127.0,126.0,119.42857142857143,121.85714285714286
2025-08-31,105,19,124,23.4,24.5,85.1,0.7,0,1,0,0,0,6,8,35,24,31,87,-0.7818314824680299,0.6234898018587334,-0.8660254037844384,-0.5000000000000004,-0.8854560256532096,-0.4647231720437691,123.0,120.0,121.28571428571429,122.85714285714286
2025-09-01,135,23,158,25.3,24.8,83.7,12.7,0,0,1,0,0,0,9,36,25,34,81,0.0,1.0,-1.0,-1.8369701987210297e-16,-0.9350162426854147,-0.3546048870425359,132.0,147.0,118.71428571428571,121.78571428571429
2025-09-02,142,25,167,32.7,24.9,82.2,5.3,0,0,0,1,0,1,9,36,24,34,113,0.7818314824680298,0.6234898018587336,-1.0,-1.8369701987210297e-16,-0.9350162426854147,-0.3546048870425359,135.0,136.0,119.14285714285714,120.92857142857143
2025-09-03,115,21,136,35.8,24.2,85.5,1.5,0,0,0,0,0,2,9,36,25,38,104,0.9749279121818236,-0.22252093395631434,-1.0,-1.8369701987210297e-16,-0.9350162426854147,-0.3546048870425359,106.0,120.0,120.14285714285714,121.35714285714286
2025-09-04,115,21,136,26.0,23.6,89.5,2.9,0,0,0,0,0,3,9,36,23,32,98,0.43388373911755823,-0.900968867902419,-1.0,-1.8369701987210297e-16,-0.9350162426854147,-0.3546048870425359,93.0,111.0,121.42857142857143,121.0
2025-09-05,114,19,133,25.8,24.7,84.8,26.0,0,0,0,0,0,4,9,36,24,36,79,-0.433883739117558,-0.9009688679024191,-1.0,-1.8369701987210297e-16,-0.9350162426854147,-0.3546048870425359,120.0,110.0,124.57142857142857,121.28571428571429
2025-09-06,120,23,143,28.6,25.3,82.5,9.3,0,1,0,0,0,5,9,36,24,35,81,-0.9749279121818236,-0.2225209339563146,-1.0,-1.8369701987210297e-16,-0.9350162426854147,-0.3546048870425359,140.0,127.0,123.71428571428571,121.57142857142857
2025-09-07,130,24,154,31.1,25.6,81.4,5.2,0,1,0,0,0,6,9,36,23,37,92,-0.7818314824680299,0.6234898018587334,-1.0,-1.8369701987210297e-16,-0.9350162426854147,-0.3546048870425359,105.0,123.0,120.85714285714286,121.07142857142857
2025-09-08,140,23,163,44.2,25.7,80.7,0.3,0,0,1,0,0,0,9,37,25,39,111,0.0,1.0,-1.0,-1.8369701987210297e-16,-0.970941817426052,-0.23931566428755774,135.0,132.0,124.42857142857143,121.57142857142857
2025-09-09,119,21,140,51.4,26.0,80.7,0.0,0,0,0,1,0,1,9,37,24,35,105,0.7818314824680298,0.6234898018587336,-1.0,-1.8369701987210297e-16,-0.970941817426052,-0.23931566428755774,142.0,135.0,125.14285714285714,122.14285714285714
2025-09-10,89,17,106,54.9,25.6,83.5,4.5,0,0,0,0,0,2,9,37,23,35,73,0.9749279121818236,-0.22252093395631434,-1.0,-1.8369701987210297e-16,-0.970941817426052,-0.23931566428755774,115.0,106.0,121.85714285714286,121.0
2025-09-11,107,19,126,58.2,25.6,82.1,9.5,0,0,0,0,0,3,9,37,24,37,84,0.43388373911755823,-0.900968867902419,-1.0,-1.8369701987210297e-16,-0.970941817426052,-0.23931566428755774,115.0,93.0,118.14285714285714,119.78571428571429
2025-09-12,115,20,135,63.1,25.8,79.3,0.3,0,0,0,0,0,4,9,37,25,37,99,-0.433883739117558,-0.9009688679024191,-1.0,-1.8369701987210297e-16,-0.970941817426052,-0.23931566428755774,114.0,120.0,117.0,120.78571428571429
2025-09-13,135,24,159,59.5,25.9,76.3,0.1,0,1,0,0,0,5,9,37,23,36,95,-0.9749279121818236,-0.2225209339563146,-1.0,-1.8369701987210297e-16,-0.970941817426052,-0.23931566428755774,120.0,140.0,117.14285714285714,120.42857142857143
2025-09-14,126,21,147,47.5,25.6,77.8,0.8,0,1,0,0,0,6,9,37,23,34,86,-0.7818314824680299,0.6234898018587334,-1.0,-1.8369701987210297e-16,-0.970941817426052,-0.23931566428755774,130.0,105.0,119.28571428571429,120.07142857142857
2025-09-15,141,26,167,43.2,25.6,80.0,3.0,0,0,1,0,0,0,9,38,23,30,121,0.0,1.0,-1.0,-1.8369701987210297e-16,-0.992708874098054,-0.12053668025532357,140.0,135.0,118.71428571428571,121.57142857142857
2025-09-16,133,25,158,37.1,25.2,84.1,9.2,0,0,0,1,0,1,9,38,25,37,102,0.7818314824680298,0.6234898018587336,-1.0,-1.8369701987210297e-16,-0.992708874098054,-0.12053668025532357,119.0,142.0,118.85714285714286,122.0
2025-09-17,104,20,124,30.1,24.6,87.5,20.0,0,0,0,0,0,2,9,38,25,33,94,0.9749279121818236,-0.22252093395631434,-1.0,-1.8369701987210297e-16,-0.992708874098054,-0.12053668025532357,89.0,115.0,120.85714285714286,121.35714285714286
2025-09-18,97,19,116,26.5,24.7,85.7,6.9,0,0,0,0,0,3,9,38,25,38,94,0.43388373911755823,-0.900968867902419,-1.0,-1.8369701987210297e-16,-0.992708874098054,-0.12053668025532357,107.0,115.0,123.0,120.57142857142857
2025-09-19,109,17,126,44.0,24.7,85.7,6.7,0,0,0,0,0,4,9,38,25,35,65,-0.433883739117558,-0.9009688679024191,-1.0,-1.8369701987210297e-16,-0.992708874098054,-0.12053668025532357,115.0,114.0,121.57142857142857,119.28571428571429
2025-09-20,112,18,130,44.6,24.8,84.5,20.1,0,1,0,0,0,5,9,38,23,32,81,-0.9749279121818236,-0.2225209339563146,-1.0,-1.8369701987210297e-16,-0.992708874098054,-0.12053668025532357,135.0,120.0,120.71428571428571,118.92857142857143
2025-09-21,114,21,135,49.1,25.0,84.0,18.8,0,1,0,0,0,6,9,38,23,35,85,-0.7818314824680299,0.6234898018587334,-1.0,-1.8369701987210297e-16,-0.992708874098054,-0.12053668025532357,126.0,130.0,117.42857142857143,118.35714285714286
2025-09-22,138,27,165,37.8,25.3,80.3,0.0,0,0,1,0,0,0,9,39,23,34,113,0.0,1.0,-1.0,-1.8369701987210297e-16,-1.0,-1.8369701987210297e-16,141.0,140.0,115.71428571428571,117.21428571428571
2025-09-23,137,24,161,27.8,24.6,84.3,1.5,0,0,0,1,0,1,9,39,23,36,108,0.7818314824680298,0.6234898018587336,-1.0,-1.8369701987210297e-16,-1.0,-1.8369701987210297e-16,133.0,119.0,115.28571428571429,117.07142857142857
2025-09-24,105,16,121,26.9,25.0,80.8,3.4,0,0,0,0,0,2,9,39,24,37,66,0.9749279121818236,-0.22252093395631434,-1.0,-1.8369701987210297e-16,-1.0,-1.8369701987210297e-16,104.0,89.0,115.85714285714286,118.35714285714286
2025-09-25,101,19,120,28.1,24.7,83.8,6.8,0,0,0,0,0,3,9,39,24,31,89,0.43388373911755823,-0.900968867902419,-1.0,-1.8369701987210297e-16,-1.0,-1.8369701987210297e-16,97.0,107.0,116.0,119.5
2025-09-26,106,16,122,22.5,24.4,83.7,0.0,0,0,0,0,0,4,9,39,24,36,57,-0.433883739117558,-0.9009688679024191,-1.0,-1.8369701987210297e-16,-1.0,-1.8369701987210297e-16,109.0,115.0,116.57142857142857,119.07142857142857
2025-09-27,118,20,138,23.5,23.8,85.0,0.0,0,1,0,0,0,5,9,39,23,31,96,-0.9749279121818236,-0.2225209339563146,-1.0,-1.8369701987210297e-16,-1.0,-1.8369701987210297e-16,112.0,135.0,116.14285714285714,118.42857142857143
2025-09-28,115,19,134,21.5,24.2,84.8,0.4,0,1,0,0,0,6,9,39,25,31,69,-0.7818314824680299,0.6234898018587334,-1.0,-1.8369701987210297e-16,-1.0,-1.8369701987210297e-16,114.0,126.0,117.0,117.21428571428571
2025-09-29,133,20,153,22.8,24.9,80.5,0.0,0,0,1,0,0,0,9,40,23,31,97,0.0,1.0,-1.0,-1.8369701987210297e-16,-0.992708874098054,0.1205366802553232,138.0,141.0,117.14285714285714,116.42857142857143
2025-09-30,141,23,164,42.0,25.2,80.5,0.0,0,0,0,1,0,1,9,40,24,33,85,0.7818314824680298,0.6234898018587336,-1.0,-1.8369701987210297e-16,-0.992708874098054,0.1205366802553232,137.0,133.0,116.42857142857143,115.85714285714286
2025-10-01,107,18,125,48.9,25.6,78.7,0.8,0,0,0,0,0,2,10,40,23,34,71,0.9749279121818236,-0.22252093395631434,-0.8660254037844386,0.5000000000000001,-0.992708874098054,0.1205366802553232,105.0,104.0,117.0,116.42857142857143
2025-10-02,57,11,68,41.9,25.9,79.2,3.8,1,0,0,0,0,3,10,40,22,32,43,0.43388373911755823,-0.900968867902419,-0.8660254037844386,0.5000000000000001,-0.992708874098054,0.1205366802553232,101.0,97.0,117.28571428571429,116.64285714285714
2025-10-03,115,18,133,40.8,26.4,78.5,5.3,0,0,0,0,0,4,10,40,24,31,76,-0.433883739117558,-0.9009688679024191,-0.8660254037844386,0.5000000000000001,-0.992708874098054,0.1205366802553232,106.0,109.0,111.0,113.78571428571429
2025-10-04,125,25,150,44.4,25.4,83.9,14.4,0,1,0,0,0,5,10,40,24,33,89,-0.9749279121818236,-0.2225209339563146,-0.8660254037844386,0.5000000000000001,-0.992708874098054,0.1205366802553232,118.0,112.0,112.28571428571429,114.21428571428571
2025-10-05,137,24,161,53.5,25.7,81.9,3.3,0,1,0,0,0,6,10,40,24,34,99,-0.7818314824680299,0.6234898018587334,-0.8660254037844386,0.5000000000000001,-0.992708874098054,0.1205366802553232,115.0,114.0,113.28571428571429,115.14285714285714
2025-10-06,131,20,151,55.3,26.2,75.8,1.2,0,0,1,0,0,0,10,41,25,33,77,0.0,1.0,-0.8660254037844386,0.5000000000000001,-0.9709418174260521,0.23931566428755738,133.0,138.0,116.42857142857143,116.78571428571429
2025-10-07,142,22,164,67.5,25.9,74.3,0.0,0,0,0,1,0,1,10,41,25,30,88,0.7818314824680298,0.6234898018587336,-0.8660254037844386,0.5000000000000001,-0.9709418174260521,0.23931566428755738,141.0,137.0,116.14285714285714,116.28571428571429
2025-10-08,106,20,126,76.9,26.5,73.4,2.3,0,0,0,0,0,2,10,41,23,36,100,0.9749279121818236,-0.22252093395631434,-0.8660254037844386,0.5000000000000001,-0.9709418174260521,0.23931566428755738,107.0,105.0,116.28571428571429,116.64285714285714
2025-10-09,105,20,125,74.9,26.4,75.5,1.2,0,0,0,0,0,3,10,41,25,35,94,0.43388373911755823,-0.900968867902419,-0.8660254037844386,0.5000000000000001,-0.9709418174260521,0.23931566428755738,57.0,101.0,116.14285714285714,116.71428571428571
2025-10-10,110,20,130,67.4,26.6,74.7,2.2,0,0,0,0,0,4,10,41,25,35,83,-0.433883739117558,-0.9009688679024191,-0.8660254037844386,0.5000000000000001,-0.9709418174260521,0.23931566428755738,115.0,106.0,123.0,117.0
2025-10-11,111,18,129,49.2,26.2,75.8,12.4,0,1,0,0,0,5,10,41,25,37,83,-0.9749279121818236,-0.2225209339563146,-0.8660254037844386,0.5000000000000001,-0.9709418174260521,0.23931566428755738,125.0,118.0,122.28571428571429,117.28571428571429
2025-10-12,112,20,132,61.8,27.1,70.5,11.7,0,1,0,0,0,6,10,41,25,31,78,-0.7818314824680299,0.6234898018587334,-0.8660254037844386,0.5000000000000001,-0.9709418174260521,0.23931566428755738,137.0,115.0,120.28571428571429,116.78571428571429
2025-10-13,142,24,166,73.4,26.8,73.3,7.3,0,0,1,0,0,0,10,42,25,31,91,0.0,1.0,-0.8660254037844386,0.5000000000000001,-0.9350162426854148,0.35460488704253557,131.0,133.0,116.71428571428571,116.57142857142857
2025-10-14,129,24,153,91.7,25.9,78.0,38.8,0,0,0,1,0,1,10,42,25,32,95,0.7818314824680298,0.6234898018587336,-0.8660254037844386,0.5000000000000001,-0.9350162426854148,0.35460488704253557,142.0,141.0,118.28571428571429,117.21428571428571
2025-10-15,104,18,122,77.8,25.3,81.7,8.8,0,0,0,0,0,2,10,42,25,33,83,0.9749279121818236,-0.22252093395631434,-0.8660254037844386,0.5000000000000001,-0.9350162426854148,0.35460488704253557,106.0,107.0,116.42857142857143,116.35714285714286
2025-10-16,96,16,112,51.1,24.5,85.8,8.3,0,0,0,0,0,3,10,42,23,31,60,0.43388373911755823,-0.900968867902419,-0.8660254037844386,0.5000000000000001,-0.9350162426854148,0.35460488704253557,105.0,57.0,116.14285714285714,116.14285714285714
2025-10-17,107,17,124,37.8,24.8,85.0,32.7,0,0,0,0,0,4,10,42,25,29,80,-0.433883739117558,-0.9009688679024191,-0.8660254037844386,0.5000000000000001,-0.9350162426854148,0.35460488704253557,110.0,115.0,114.85714285714286,118.92857142857143
2025-10-18,118,21,139,46.2,24.9,84.5,23.7,0,1,0,0,0,5,10,42,24,36,95,-0.9749279121818236,-0.2225209339563146,-0.8660254037844386,0.5000000000000001,-0.9350162426854148,0.35460488704253557,111.0,125.0,114.42857142857143,118.35714285714286
2025-10-19,140,26,166,51.9,24.9,84.8,16.9,0,1,0,0,0,6,10,42,25,29,121,-0.7818314824680299,0.6234898018587334,-0.8660254037844386,0.5000000000000001,-0.9350162426854148,0.35460488704253557,112.0,137.0,115.42857142857143,117.85714285714286
2025-10-20,63,12,75,55.3,24.3,86.2,10.6,1,0,1,0,0,0,10,43,21,32,59,0.0,1.0,-0.8660254037844386,0.5000000000000001,-0.8854560256532101,0.464723172043768,142.0,131.0,119.42857142857143,118.07142857142857
2025-10-21,137,23,160,50.0,23.5,91.4,8.9,0,0,0,1,0,1,10,43,24,32,88,0.7818314824680298,0.6234898018587336,-0.8660254037844386,0.5000000000000001,-0.8854560256532101,0.464723172043768,129.0,142.0,108.14285714285714,113.21428571428571
2025-10-22,103,16,119,53.6,24.0,87.7,3.6,0,0,0,0,0,2,10,43,23,32,72,0.9749279121818236,-0.22252093395631434,-0.8660254037844386,0.5000000000000001,-0.8854560256532101,0.464723172043768,104.0,106.0,109.28571428571429,112.85714285714286
2025-10-23,116,19,135,29.3,24.5,82.3,1.7,0,0,0,0,0,3,10,43,24,27,72,0.43388373911755823,-0.900968867902419,-0.8660254037844386,0.5000000000000001,-0.8854560256532101,0.464723172043768,96.0,105.0,109.14285714285714,112.64285714285714
2025-10-24,109,16,125,26.1,23.9,86.6,1.1,0,0,0,0,0,4,10,43,24,29,71,-0.433883739117558,-0.9009688679024191,-0.8660254037844386,0.5000000000000001,-0.8854560256532101,0.464723172043768,107.0,110.0,112.0,113.42857142857143
2025-10-25,136,24,160,23.4,25.2,79.9,0.2,0,1,0,0,0,5,10,43,24,29,104,-0.9749279121818236,-0.2225209339563146,-0.8660254037844386,0.5000000000000001,-0.8854560256532101,0.464723172043768,118.0,111.0,112.28571428571429,113.35714285714286
2025-10-26,126,21,147,36.7,25.7,76.0,0.7,0,1,0,0,0,6,10,43,23,32,95,-0.7818314824680299,0.6234898018587334,-0.8660254037844386,0.5000000000000001,-0.8854560256532101,0.464723172043768,140.0,112.0,114.85714285714286,115.14285714285714
2025-10-27,138,25,163,43.7,23.1,90.7,6.4,0,0,1,0,0,0,10,44,23,32,89,0.0,1.0,-0.8660254037844386,0.5000000000000001,-0.822983865893657,0.5680647467311548,63.0,142.0,112.85714285714286,116.14285714285714
2025-10-28,129,21,150,25.1,23.6,89.0,1.1,0,0,0,1,0,1,10,44,25,34,93,0.7818314824680298,0.6234898018587336,-0.8660254037844386,0.5000000000000001,-0.822983865893657,0.5680647467311548,137.0,129.0,123.57142857142857,115.85714285714286
2025-10-29,125,21,146,27.5,24.2,84.8,1.0,0,0,0,0,0,2,10,44,25,35,83,0.9749279121818236,-0.22252093395631434,-0.8660254037844386,0.5000000000000001,-0.822983865893657,0.5680647467311548,103.0,104.0,122.42857142857143,115.85714285714286
2025-10-30,115,17,132,37.7,25.2,77.5,0.3,0,0,0,0,0,3,10,44,24,38,77,0.43388373911755823,-0.900968867902419,-0.8660254037844386,0.5000000000000001,-0.822983865893657,0.5680647467311548,116.0,96.0,125.57142857142857,117.35714285714286
2025-10-31,106,19,125,54.6,25.8,70.6,0.0,0,0,0,0,0,4,10,44,23,40,81,-0.433883739117558,-0.9009688679024191,-0.8660254037844386,0.5000000000000001,-0.822983865893657,0.5680647467311548,109.0,107.0,125.42857142857143,118.71428571428571
2025-11-01,130,21,151,57.6,26.2,69.0,0.0,0,1,0,0,0,5,11,44,24,34,82,-0.9749279121818236,-0.2225209339563146,-0.5000000000000004,0.8660254037844384,-0.822983865893657,0.5680647467311548,136.0,118.0,125.0,118.64285714285714
2025-11-02,124,22,146,55.8,26.2,69.6,0.0,0,1,0,0,0,6,11,44,24,33,104,-0.7818314824680299,0.6234898018587334,-0.5000000000000004,0.8660254037844384,-0.822983865893657,0.5680647467311548,126.0,140.0,124.14285714285714,119.5
2025-11-03,143,22,165,67.7,26.4,70.6,0.0,0,0,1,0,0,0,11,45,25,35,99,0.0,1.0,-0.5000000000000004,0.8660254037844384,-0.7485107481711011,0.6631226582407953,138.0,63.0,123.85714285714286,118.35714285714286
2025-11-04,123,20,143,64.3,25.9,74.7,0.0,0,0,0,1,0,1,11,45,23,36,78,0.7818314824680298,0.6234898018587336,-0.5000000000000004,0.8660254037844384,-0.7485107481711011,0.6631226582407953,129.0,137.0,124.57142857142857,124.07142857142857
2025-11-05,63,11,74,61.8,26.6,72.0,0.8,1,0,0,0,0,2,11,45,20,33,40,0.9749279121818236,-0.22252093395631434,-0.5000000000000004,0.8660254037844384,-0.7485107481711011,0.6631226582407953,125.0,103.0,123.71428571428571,123.07142857142857
2025-11-06,113,17,130,55.2,25.4,71.9,0.0,0,0,0,0,0,3,11,45,23,36,60,0.43388373911755823,-0.900968867902419,-0.5000000000000004,0.8660254037844384,-0.7485107481711011,0.6631226582407953,115.0,116.0,114.85714285714286,120.21428571428571
2025-11-07,116,23,139,58.8,26.4,66.7,0.0,0,0,0,0,0,4,11,45,25,34,114,-0.433883739117558,-0.9009688679024191,-0.5000000000000004,0.8660254037844384,-0.7485107481711011,0.6631226582407953,106.0,109.0,114.57142857142857,120.0
2025-11-08,109,21,130,79.6,26.2,69.0,2.1,0,1,0,0,0,5,11,45,24,37,82,-0.9749279121818236,-0.2225209339563146,-0.5000000000000004,0.8660254037844384,-0.7485107481711011,0.6631226582407953,130.0,136.0,116.0,120.5
2025-11-09,117,21,138,114.6,26.6,66.8,1.1,0,1,0,0,0,6,11,45,25,32,93,-0.7818314824680299,0.6234898018587334,-0.5000000000000004,0.8660254037844384,-0.7485107481711011,0.6631226582407953,124.0,126.0,113.0,118.57142857142857
2025-11-10,137,21,158,111.0,26.5,62.0,0.3,0,0,1,0,0,0,11,46,25,30,78,0.0,1.0,-0.5000000000000004,0.8660254037844384,-0.6631226582407956,0.7485107481711007,143.0,138.0,112.0,117.92857142857143
2025-11-11,156,26,182,121.4,26.2,71.7,2.5,0,0,0,1,0,1,11,46,23,33,125,0.7818314824680298,0.6234898018587336,-0.5000000000000004,0.8660254037844384,-0.6631226582407956,0.7485107481711007,123.0,129.0,111.14285714285714,117.85714285714286
2025-11-12,125,22,147,137.1,25.8,75.6,3.2,0,0,0,0,0,2,11,46,25,36,90,0.9749279121818236,-0.22252093395631434,-0.5000000000000004,0.8660254037844384,-0.6631226582407956,0.7485107481711007,63.0,125.0,115.85714285714286,119.78571428571429
2025-11-13,103,18,121,108.7,25.6,75.4,2.3,0,0,0,0,0,3,11,46,24,36,75,0.43388373911755823,-0.900968867902419,-0.5000000000000004,0.8660254037844384,-0.6631226582407956,0.7485107481711007,113.0,115.0,124.71428571428571,119.78571428571429
2025-11-14,97,16,113,87.8,24.3,83.5,5.7,0,0,0,0,0,4,11,46,24,39,61,-0.433883739117558,-0.9009688679024191,-0.5000000000000004,0.8660254037844384,-0.6631226582407956,0.7485107481711007,116.0,106.0,123.28571428571429,118.92857142857143
2025-11-15,128,25,153,116.6,24.7,73.2,0.0,0,1,0,0,0,5,11,46,23,31,107,-0.9749279121818236,-0.2225209339563146,-0.5000000000000004,0.8660254037844384,-0.6631226582407956,0.7485107481711007,109.0,130.0,120.57142857142857,118.28571428571429
2025-11-16,125,19,144,114.6,25.2,71.2,0.0,0,1,0,0,0,6,11,46,25,35,74,-0.7818314824680299,0.6234898018587334,-0.5000000000000004,0.8660254037844384,-0.6631226582407956,0.7485107481711007,117.0,124.0,123.28571428571429,118.14285714285714
2025-11-17,135,24,159,98.9,24.7,76.0,0.6,0,0,1,0,0,0,11,47,24,32,91,0.0,1.0,-0.5000000000000004,0.8660254037844384,-0.5680647467311559,0.8229838658936564,137.0,143.0,124.42857142857143,118.21428571428571
2025-11-18,118,19,137,82.5,23.7,83.5,5.4,0,0,0,1,0,1,11,47,23,39,72,0.7818314824680298,0.6234898018587336,-0.5000000000000004,0.8660254037844384,-0.5680647467311559,0.8229838658936564,156.0,123.0,124.14285714285714,117.64285714285714
2025-11-19,101,17,118,52.2,24.5,79.4,2.2,0,0,0,0,0,2,11,47,24,33,84,0.9749279121818236,-0.22252093395631434,-0.5000000000000004,0.8660254037844384,-0.5680647467311559,0.8229838658936564,125.0,63.0,118.71428571428571,117.28571428571429
2025-11-20,122,22,144,69.8,25.3,77.6,1.2,0,0,0,0,0,3,11,47,25,37,108,0.43388373911755823,-0.900968867902419,-0.5000000000000004,0.8660254037844384,-0.5680647467311559,0.8229838658936564,103.0,113.0,115.28571428571429,120.0
2025-11-21,103,17,120,84.2,25.7,73.0,5.8,0,0,0,0,0,4,11,47,23,31,66,-0.433883739117558,-0.9009688679024191,-0.5000000000000004,0.8660254037844384,-0.5680647467311559,0.8229838658936564,97.0,116.0,118.0,120.64285714285714
2025-11-22,113,19,132,47.7,23.6,88.0,21.0,0,1,0,0,0,5,11,47,25,31,94,-0.9749279121818236,-0.2225209339563146,-0.5000000000000004,0.8660254037844384,-0.5680647467311559,0.8229838658936564,128.0,109.0,118.85714285714286,119.71428571428571
2025-11-23,122,19,141,36.7,23.4,87.2,16.8,0,1,0,0,0,6,11,47,25,31,70,-0.7818314824680299,0.6234898018587334,-0.5000000000000004,0.8660254037844384,-0.5680647467311559,0.8229838658936564,125.0,117.0,116.71428571428571,120.0
2025-11-24,134,21,155,31.5,22.3,92.9,7.9,0,0,1,0,0,0,11,48,23,33,92,0.0,1.0,-0.5000000000000004,0.8660254037844384,-0.4647231720437684,0.88545602565321,135.0,137.0,116.28571428571429,120.35714285714286
2025-11-25,111,17,128,61.5,24.2,79.1,1.7,0,0,0,1,0,1,11,48,23,31,85,0.7818314824680298,0.6234898018587336,-0.5000000000000004,0.8660254037844384,-0.4647231720437684,0.88545602565321,118.0,156.0,116.14285714285714,120.14285714285714
2025-11-26,111,19,130,99.2,24.3,74.8,0.0,0,0,0,0,0,2,11,48,24,29,76,0.9749279121818236,-0.22252093395631434,-0.5000000000000004,0.8660254037844384,-0.4647231720437684,0.88545602565321,101.0,125.0,115.14285714285714,116.92857142857143
2025-11-27,101,16,117,94.2,23.4,69.5,0.0,0,0,0,0,0,3,11,48,25,33,60,0.43388373911755823,-0.900968867902419,-0.5000000000000004,0.8660254037844384,-0.4647231720437684,0.88545602565321,122.0,103.0,116.57142857142857,115.92857142857143
2025-11-28,101,19,120,104.5,22.9,69.2,0.3,0,0,0,0,0,4,11,48,24,30,82,-0.433883739117558,-0.9009688679024191,-0.5000000000000004,0.8660254037844384,-0.4647231720437684,0.88545602565321,103.0,97.0,113.57142857142857,115.78571428571429
2025-11-29,139,22,161,132.1,22.1,82.0,2.7,0,1,0,0,0,5,11,48,23,33,83,-0.9749279121818236,-0.2225209339563146,-0.5000000000000004,0.8660254037844384,-0.4647231720437684,0.88545602565321,113.0,128.0,113.28571428571429,116.07142857142857
2025-11-30,127,23,150,105.2,23.3,86.8,6.9,0,1,0,0,0,6,11,48,23,34,89,-0.7818314824680299,0.6234898018587334,-0.5000000000000004,0.8660254037844384,-0.4647231720437684,0.88545602565321,122.0,125.0,117.0,116.85714285714286
2025-12-01,172,32,204,69.3,24.7,83.9,4.4,0,0,1,0,0,0,12,49,25,31,127,0.0,1.0,-2.4492935982947064e-16,1.0,-0.35460488704253595,0.9350162426854147,134.0,135.0,117.71428571428571,117.0
2025-12-02,167,33,200,76.8,25.3,80.7,0.2,0,0,0,1,0,1,12,49,23,36,148,0.7818314824680298,0.6234898018587336,-2.4492935982947064e-16,1.0,-0.35460488704253595,0.9350162426854147,111.0,118.0,123.14285714285714,119.64285714285714
2025-12-03,132,23,155,77.5,23.9,87.7,6.3,0,0,0,0,0,2,12,49,25,36,99,0.9749279121818236,-0.22252093395631434,-2.4492935982947064e-16,1.0,-0.35460488704253595,0.9350162426854147,111.0,101.0,131.14285714285714,123.14285714285714
2025-12-04,123,20,143,56.0,24.4,82.6,1.6,0,0,0,0,0,3,12,49,24,41,81,0.43388373911755823,-0.900968867902419,-2.4492935982947064e-16,1.0,-0.35460488704253595,0.9350162426854147,101.0,122.0,134.14285714285714,125.35714285714286
2025-12-05,119,22,141,50.1,23.9,83.5,6.2,0,0,0,0,0,4,12,49,25,36,93,-0.433883739117558,-0.9009688679024191,-2.4492935982947064e-16,1.0,-0.35460488704253595,0.9350162426854147,101.0,103.0,137.28571428571428,125.42857142857143
2025-12-06,144,24,168,73.8,24.1,75.4,0.5,0,1,0,0,0,5,12,49,25,39,110,-0.9749279121818236,-0.2225209339563146,-2.4492935982947064e-16,1.0,-0.35460488704253595,0.9350162426854147,139.0,113.0,139.85714285714286,126.57142857142857
2025-12-07,164,29,193,118.0,24.6,76.4,0.2,0,1,0,0,0,6,12,49,24,40,138,-0.7818314824680299,0.6234898018587334,-2.4492935982947064e-16,1.0,-0.35460488704253595,0.9350162426854147,127.0,122.0,140.57142857142858,128.78571428571428
2025-12-08,158,27,185,113.5,24.4,72.0,0.0,0,0,1,0,0,0,12,50,25,45,134,0.0,1.0,-2.4492935982947064e-16,1.0,-0.2393156642875578,0.970941817426052,172.0,134.0,145.85714285714286,131.78571428571428
2025-12-09,155,28,183,88.5,24.3,68.8,0.1,0,0,0,1,0,1,12,50,23,37,110,0.7818314824680298,0.6234898018587336,-2.4492935982947064e-16,1.0,-0.2393156642875578,0.970941817426052,167.0,111.0,143.85714285714286,133.5
2025-12-10,127,20,147,85.4,25.4,61.5,0.3,0,0,0,0,0,2,12,50,25,39,89,0.9749279121818236,-0.22252093395631434,-2.4492935982947064e-16,1.0,-0.2393156642875578,0.970941817426052,132.0,111.0,142.14285714285714,136.64285714285714
2025-12-11,133,20,153,96.5,24.9,59.2,0.0,0,0,0,0,0,3,12,50,24,39,87,0.43388373911755823,-0.900968867902419,-2.4492935982947064e-16,1.0,-0.2393156642875578,0.970941817426052,123.0,101.0,141.42857142857142,137.78571428571428
2025-12-12,117,20,137,106.6,25.1,55.9,0.0,0,0,0,0,0,4,12,50,24,38,92,-0.433883739117558,-0.9009688679024191,-2.4492935982947064e-16,1.0,-0.2393156642875578,0.970941817426052,119.0,101.0,142.85714285714286,140.07142857142858
2025-12-13,151,30,181,101.2,25.0,60.5,0.0,0,1,0,0,0,5,12,50,23,41,108,-0.9749279121818236,-0.2225209339563146,-2.4492935982947064e-16,1.0,-0.2393156642875578,0.970941817426052,144.0,139.0,142.57142857142858,141.21428571428572
2025-12-14,156,29,185,96.5,23.7,58.0,0.0,0,1,0,0,0,6,12,50,24,44,110,-0.7818314824680299,0.6234898018587334,-2.4492935982947064e-16,1.0,-0.2393156642875578,0.970941817426052,164.0,127.0,143.57142857142858,142.07142857142858
2025-12-15,170,31,201,84.1,23.4,58.2,0.0,0,0,1,0,0,0,12,51,24,42,151,0.0,1.0,-2.4492935982947064e-16,1.0,-0.12053668025532363,0.992708874098054,158.0,172.0,142.42857142857142,144.14285714285714
2025-12-16,160,28,188,71.2,24.2,65.8,4.6,0,0,0,1,0,1,12,51,25,39,136,0.7818314824680298,0.6234898018587336,-2.4492935982947064e-16,1.0,-0.12053668025532363,0.992708874098054,155.0,167.0,144.14285714285714,144.0
2025-12-17,126,23,149,50.4,24.8,73.8,3.3,0,0,0,0,0,2,12,51,24,45,92,0.9749279121818236,-0.22252093395631434,-2.4492935982947064e-16,1.0,-0.12053668025532363,0.992708874098054,127.0,132.0,144.85714285714286,143.5
2025-12-18,133,23,156,51.3,23.8,61.8,0.0,0,0,0,0,0,3,12,51,24,44,90,0.43388373911755823,-0.900968867902419,-2.4492935982947064e-16,1.0,-0.12053668025532363,0.992708874098054,133.0,123.0,144.71428571428572,143.07142857142858
2025-12-19,118,20,138,83.5,22.7,64.3,0.0,0,0,0,0,0,4,12,51,25,41,94,-0.433883739117558,-0.9009688679024191,-2.4492935982947064e-16,1.0,-0.12053668025532363,0.992708874098054,117.0,119.0,144.71428571428572,143.78571428571428
2025-12-20,163,26,189,130.2,22.3,66.9,0.0,0,1,0,0,0,5,12,51,25,41,110,-0.9749279121818236,-0.2225209339563146,-2.4492935982947064e-16,1.0,-0.12053668025532363,0.992708874098054,151.0,144.0,144.85714285714286,143.71428571428572
2025-12-21,233,42,275,150.3,22.6,62.5,0.0,0,1,0,0,0,6,12,51,23,41,179,-0.7818314824680299,0.6234898018587334,-2.4492935982947064e-16,1.0,-0.12053668025532363,0.992708874098054,156.0,164.0,146.57142857142858,145.07142857142858
2025-12-22,167,31,198,130.7,22.6,66.5,0.0,0,0,1,0,0,0,12,52,24,48,127,0.0,1.0,-2.4492935982947064e-16,1.0,6.432490598706546e-16,1.0,170.0,158.0,157.57142857142858,150.0
2025-12-23,157,27,184,107.8,23.6,60.6,0.0,0,0,0,1,0,1,12,52,24,45,96,0.7818314824680298,0.6234898018587336,-2.4492935982947064e-16,1.0,6.432490598706546e-16,1.0,160.0,155.0,157.14285714285714,150.64285714285714
2025-12-24,137,23,160,90.2,24.2,60.8,0.2,0,0,0,0,0,2,12,52,23,42,99,0.9749279121818236,-0.22252093395631434,-2.4492935982947064e-16,1.0,6.432490598706546e-16,1.0,126.0,127.0,156.71428571428572,150.78571428571428
2025-12-25,75,13,88,104.0,24.2,59.0,0.0,1,0,0,0,0,3,12,52,21,40,47,0.43388373911755823,-0.900968867902419,-2.4492935982947064e-16,1.0,6.432490598706546e-16,1.0,133.0,133.0,158.28571428571428,151.5
2025-12-26,123,22,145,99.6,24.3,64.7,0.1,0,0,0,0,0,4,12,52,25,40,105,-0.433883739117558,-0.9009688679024191,-2.4492935982947064e-16,1.0,6.432490598706546e-16,1.0,118.0,117.0,150.0,147.35714285714286
2025-12-27,149,24,173,101.0,23.7,67.2,1.5,0,1,0,0,0,5,12,52,25,38,103,-0.9749279121818236,-0.2225209339563146,-2.4492935982947064e-16,1.0,6.432490598706546e-16,1.0,163.0,151.0,150.71428571428572,147.78571428571428
2025-12-28,139,26,165,112.1,24.1,63.7,0.1,0,1,0,0,0,6,12,52,24,48,103,-0.7818314824680299,0.6234898018587334,-2.4492935982947064e-16,1.0,6.432490598706546e-16,1.0,233.0,156.0,148.71428571428572,147.64285714285714
2025-12-29,164,30,194,101.0,24.3,65.0,0.0,0,0,1,0,0,0,12,1,25,43,145,0.0,1.0,-2.4492935982947064e-16,1.0,0.12053668025532305,0.992708874098054,167.0,170.0,135.28571428571428,146.42857142857142
2025-12-30,161,30,191,118.0,25.4,63.2,0.0,0,0,0,1,0,1,12,1,24,38,146,0.7818314824680298,0.6234898018587336,-2.4492935982947064e-16,1.0,0.12053668025532305,0.992708874098054,157.0,160.0,134.85714285714286,146.0
2025-12-31,150,23,173,141.4,25.3,67.6,0.1,0,0,0,0,0,2,12,1,23,39,105,0.9749279121818236,-0.22252093395631434,-2.4492935982947064e-16,1.0,0.12053668025532305,0.992708874098054,137.0,126.0,135.42857142857142,146.07142857142858
